"customer_id","cluster_id","cluster_label","total_sales","total_qty","transaction_count","avg_transaction_value","latitude","longitude","created_at"
Bashirian-kassulke Pharma Plc,1,Básico - Bajo Volumen,1996236.0,9782,213,9372.0,50.0614,19.9372,"2026-02-15T09:09:59.986872"
"Funk, Ratke And Heaney Pharmacy",1,Básico - Bajo Volumen,3890178.0,9114,203,19163.44,53.7558,19.1975,"2026-02-15T09:09:59.986872"
Collins-schmidt Pharma Plc,2,Regular - Volumen Medio,13701890.36,38420,361,37955.37,50.8167,8.7667,"2026-02-15T09:09:59.986872"
"Rosenbaum, Klein And Herzog Pharma Plc",2,Regular - Volumen Medio,16924752,43066,371,45619.28,53.4167,11.8333,"2026-02-15T09:09:59.986872"
Veum-kerluke Pharmacy,1,Básico - Bajo Volumen,2832764.0,7468,185,15312.24,53.65,17.3667,"2026-02-15T09:09:59.986872"
Barton Ltd Pharm,0,Premium - Alto Volumen,27217288,55364,395,68904.53,54.3044,9.6644,"2026-02-15T09:09:59.986872"
D'amore And Sons Pharm,2,Regular - Volumen Medio,26599491,51428,421,63181.69,51.1528,14.9872,"2026-02-15T09:09:59.986872"
Heidenreich Group Pharm,2,Regular - Volumen Medio,15375859.63,39448,386,39833.83,49.4878,8.4661,"2026-02-15T09:09:59.986872"
Kris Llc Pharmaceutical Ltd,2,Regular - Volumen Medio,16053213,38309,343,46802.37,50.1333,11.0333,"2026-02-15T09:09:59.986872"
Mills Inc Pharmaceutical Ltd,0,Premium - Alto Volumen,46109734,90747,376,122632.27,52.1728,7.5344,"2026-02-15T09:09:59.986872"
Skiles-mckenzie Pharmaceutical Limited,0,Premium - Alto Volumen,26722233,55337,341,78364.32,53.25,7.9167,"2026-02-15T09:09:59.986872"
"Beer, Kohler And Beatty Pharmaceutical Ltd",1,Básico - Bajo Volumen,2957831.0,6811,214,13821.64,53.0667,19.45,"2026-02-15T09:09:59.986872"
Kutch-marks Pharma Plc,2,Regular - Volumen Medio,15830445,49625,389,40695.23,50.3597,7.5978,"2026-02-15T09:09:59.986872"
Buckridge-strosin Pharmaceutical Ltd,0,Premium - Alto Volumen,33286174.34,71415,353,94295.11,49.5964,11.0044,"2026-02-15T09:09:59.986872"
Paucek Plc Pharm,2,Regular - Volumen Medio,16022975,40259,389,41190.17,49.1333,8.6,"2026-02-15T09:09:59.986872"
Schulist-zulauf,0,Premium - Alto Volumen,28469176,61503,402,70818.85,50.9787,11.0328,"2026-02-15T09:09:59.986872"
"Romaguera, Moen And Hagenes Pharmaceutical Limited",1,Básico - Bajo Volumen,3109885.0,8938,186,16719.81,54.4419,18.5478,"2026-02-15T09:09:59.986872"
"Brakus, Rempel And Harber Pharmacy",2,Regular - Volumen Medio,18635742,53715,398,46823.47,50.5528,9.6775,"2026-02-15T09:09:59.986872"
"Blanda, Stehr And Gleason Pharmaceutical Ltd",2,Regular - Volumen Medio,15779913,38286,355,44450.46,51.5917,7.6653,"2026-02-15T09:09:59.986872"
Feest Plc Pharmaceutical Ltd,2,Regular - Volumen Medio,18956001,47141,382,49623.04,48.8111,9.3656,"2026-02-15T09:09:59.986872"
Funk Plc Pharmaceutical Limited,1,Básico - Bajo Volumen,4190364.0,9406,212,19765.87,50.171,18.9041,"2026-02-15T09:09:59.986872"
Hermiston Llc Pharmaceutical Limited,2,Regular - Volumen Medio,19548853.77,42919,374,52269.66,51.3265,7.3559,"2026-02-15T09:09:59.986872"
Cassin Plc Pharma Plc,0,Premium - Alto Volumen,26502709,57475,396,66926.03,48.2456,12.5228,"2026-02-15T09:09:59.986872"
Zemlak Group Pharm,0,Premium - Alto Volumen,30732052,56480,368,83511.01,52.7306,8.2886,"2026-02-15T09:09:59.986872"
Weber Ltd Pharmaceutical Ltd,2,Regular - Volumen Medio,17055472,44601,428,39849.23,51.3544,11.9928,"2026-02-15T09:09:59.986872"
Kozey Ltd Pharmaceutical Ltd,1,Básico - Bajo Volumen,3926687.0,9741,201,19535.76,52.7667,23.2,"2026-02-15T09:09:59.986872"
"Johns, Mueller And Nitzsche",2,Regular - Volumen Medio,24788145,52279,373,66456.15,52.1278,11.6292,"2026-02-15T09:09:59.986872"
Hartmann-wolf Pharmaceutical Limited,2,Regular - Volumen Medio,15227878,39721,387,39348.52,49.7333,10.1667,"2026-02-15T09:09:59.986872"
Hartmann-wolf Pharmacy,2,Regular - Volumen Medio,23220019,55728,397,58488.71,52.4238,9.4359,"2026-02-15T09:09:59.986872"
Rosenbaum-tromp Pharmacy,0,Premium - Alto Volumen,26744339,53166,362,73879.39,51.2198,7.6273,"2026-02-15T09:09:59.986872"
Daugherty-rempel Pharma Plc,1,Básico - Bajo Volumen,4545432.0,13245,188,24177.83,51.1833,22.2667,"2026-02-15T09:09:59.986872"
"Haag, Bradtke And Terry",0,Premium - Alto Volumen,36304891,66490,422,86030.55,53.2269,8.7947,"2026-02-15T09:09:59.986872"
Reinger Group Pharma Plc,2,Regular - Volumen Medio,17392025,42672,353,49269.19,47.5947,7.6108,"2026-02-15T09:09:59.986872"
Cummings Llc Pharmaceutical Ltd,2,Regular - Volumen Medio,20260377,42777,364,55660.38,51.3167,8.0,"2026-02-15T09:09:59.986872"
Kertzmann-ward Pharmaceutical Limited,2,Regular - Volumen Medio,23263033,49013,370,62873.06,51.906,10.4292,"2026-02-15T09:09:59.986872"
"Harris, Daugherty And Okuneva Pharma Plc",1,Básico - Bajo Volumen,1947479.0,5746,195,9987.07,51.697,17.4357,"2026-02-15T09:09:59.986872"
Rohan Plc Pharmaceutical Limited,1,Básico - Bajo Volumen,2520755.0,5469,192,13128.93,49.4222,20.9594,"2026-02-15T09:09:59.986872"
"Funk, Ratke And Heaney",0,Premium - Alto Volumen,29577060,67527,378,78246.19,49.4618,8.1724,"2026-02-15T09:09:59.986872"
"Hammes, Bashirian And Pacocha",2,Regular - Volumen Medio,13943255,37379,379,36789.59,49.9757,9.1478,"2026-02-15T09:09:59.986872"
Mccullough Llc Pharmaceutical Limited,2,Regular - Volumen Medio,13933843,36987,384,36286.05,49.4528,11.0778,"2026-02-15T09:09:59.986872"
Cassin Plc Pharmacy,1,Básico - Bajo Volumen,3054670.0,7027,217,14076.82,54.0,16.9833,"2026-02-15T09:09:59.986872"
"Hirthe, Williamson And Macejkovic Pharma Plc",1,Básico - Bajo Volumen,2734278.0,9673,205,13337.94,50.8667,17.4833,"2026-02-15T09:09:59.986872"
Monahan Ltd,1,Básico - Bajo Volumen,2587550.0,7026,189,13690.74,50.0333,19.2333,"2026-02-15T09:09:59.986872"
"Wiegand, Jast And Yost Pharma Plc",1,Básico - Bajo Volumen,1771739.0,5162,157,11284.96,52.55,19.7,"2026-02-15T09:09:59.986872"
Cartwright-fay Pharmaceutical Ltd,2,Regular - Volumen Medio,16726079,41322,368,45451.3,47.6858,9.8342,"2026-02-15T09:09:59.986872"
Gibson-hill,2,Regular - Volumen Medio,18828332,48039,384,49032.11,50.8161,7.1556,"2026-02-15T09:09:59.986872"
Gottlieb-koss Pharmacy,2,Regular - Volumen Medio,18168862,49156,363,50051.96,51.4667,11.3,"2026-02-15T09:09:59.986872"
"Kirlin, Hamill And Dickinson Pharma Plc",2,Regular - Volumen Medio,13266892,36090,355,37371.53,49.0306,10.9719,"2026-02-15T09:09:59.986872"
Sipes And Sons Pharma Plc,2,Regular - Volumen Medio,16390497,41393,350,46829.99,51.1033,13.67,"2026-02-15T09:09:59.986872"
Will And Sons Pharma Plc,1,Básico - Bajo Volumen,2548779.0,6965,199,12807.93,53.8333,18.8333,"2026-02-15T09:09:59.986872"
"Hahn, Rutherford And Gislason Pharmacy",2,Regular - Volumen Medio,14137166,35532,394,35881.13,52.1622,10.5369,"2026-02-15T09:09:59.986872"
Murray Plc,2,Regular - Volumen Medio,12250539,31634,383,31985.74,51.6586,6.6178,"2026-02-15T09:09:59.986872"
Erdman Plc Pharmacy,1,Básico - Bajo Volumen,3169778.0,9439,197,16090.24,50.6731,18.2131,"2026-02-15T09:09:59.986872"
"Blanda, Stehr And Gleason Pharma Plc",2,Regular - Volumen Medio,18019569,38004,379,47545.04,47.9972,11.3406,"2026-02-15T09:09:59.986872"
Schaefer-rolfson,1,Básico - Bajo Volumen,2628351.0,5630,161,16325.16,50.0339,20.2172,"2026-02-15T09:09:59.986872"
Corkery-kovacek Pharma Plc,2,Regular - Volumen Medio,22553851,49177,376,59983.65,50.1136,8.6797,"2026-02-15T09:09:59.986872"
"Kuphal, D'amore And Bode Pharmaceutical Ltd",1,Básico - Bajo Volumen,3396276.0,8908,185,18358.25,53.4247,14.5553,"2026-02-15T09:09:59.986872"
Runte-marquardt Pharm,2,Regular - Volumen Medio,18947771,42116,373,50798.31,51.8671,12.6484,"2026-02-15T09:09:59.986872"
Konopelski-blick Pharmaceutical Limited,2,Regular - Volumen Medio,14951992,41053,370,40410.79,52.4089,7.9728,"2026-02-15T09:09:59.986872"
Denesik-hintz Pharm,1,Básico - Bajo Volumen,2387883.0,6650,220,10854.01,51.9833,22.8,"2026-02-15T09:09:59.986872"
Wolff Group,2,Regular - Volumen Medio,14308684,39052,393,36408.87,49.8056,8.6044,"2026-02-15T09:09:59.986872"
Denesik-hintz Pharmaceutical Limited,2,Regular - Volumen Medio,14288137,38305,348,41057.86,51.8308,7.2783,"2026-02-15T09:09:59.986872"
Terry-kub Pharma Plc,2,Regular - Volumen Medio,17545358,41534,390,44988.1,50.9833,11.3167,"2026-02-15T09:09:59.986872"
"Torphy, Pfeffer And Jakubowski Pharmaceutical Ltd",2,Regular - Volumen Medio,14476505,40776,395,36649.38,51.35,12.3833,"2026-02-15T09:09:59.986872"
Fadel-west,1,Básico - Bajo Volumen,3186983.0,6897,171,18637.33,51.1264,15.9198,"2026-02-15T09:09:59.986872"
Welch-orn,1,Básico - Bajo Volumen,4375067.0,11353,189,23148.5,53.3492,18.4261,"2026-02-15T09:09:59.986872"
Welch-langworth,1,Básico - Bajo Volumen,2661330.0,7544,194,13718.2,52.2167,21.0333,"2026-02-15T09:09:59.986872"
"Corkery, Trantow And Ferry Pharm",0,Premium - Alto Volumen,26480550,59339,378,70054.37,52.15,9.95,"2026-02-15T09:09:59.986872"
Heidenreich Group Pharmacy,0,Premium - Alto Volumen,30239922,73318,395,76556.76,53.2308,7.4528,"2026-02-15T09:09:59.986872"
Denesik-hintz Pharma Plc,2,Regular - Volumen Medio,14754414,33004,374,39450.3,50.95,7.5333,"2026-02-15T09:09:59.986872"
Lockman-welch,2,Regular - Volumen Medio,16220179,35933,373,43485.73,54.3233,10.1394,"2026-02-15T09:09:59.986872"
Friesen Group Pharm,0,Premium - Alto Volumen,24249901,67857,386,62823.58,51.2239,6.9147,"2026-02-15T09:09:59.986872"
Beier Plc Pharmacy,1,Básico - Bajo Volumen,3262258.0,9411,200,16311.29,52.65,19.05,"2026-02-15T09:09:59.986872"
Funk And Sons Pharm,2,Regular - Volumen Medio,14461002,36132,380,38055.27,50.5833,8.6667,"2026-02-15T09:09:59.986872"
"Ondricka, Rosenbaum And Beahan",1,Básico - Bajo Volumen,4632271.0,13235,230,20140.31,53.9667,18.5333,"2026-02-15T09:09:59.986872"
Feest-kshlerin Pharma Plc,2,Regular - Volumen Medio,11317260,28630,363,31177.02,49.4471,6.6312,"2026-02-15T09:09:59.986872"
Okuneva-corkery Pharm,2,Regular - Volumen Medio,21422334,45774,387,55354.87,49.9214,8.4818,"2026-02-15T09:09:59.986872"
"Reinger, Kihn And Goyette Pharmaceutical Limited",2,Regular - Volumen Medio,22620621,54524,328,68965.31,50.95,7.3,"2026-02-15T09:09:59.986872"
Heidenreich Group Pharmaceutical Ltd,1,Básico - Bajo Volumen,3849233.0,9133,207,18595.33,50.05,22.0,"2026-02-15T09:09:59.986872"
Lockman Ltd,1,Básico - Bajo Volumen,2957214.0,9067,201,14712.51,50.4333,21.2833,"2026-02-15T09:09:59.986872"
"Reynolds, Jast And Mante Pharma Plc",1,Básico - Bajo Volumen,2593633.0,7349,181,14329.46,51.8974,17.7856,"2026-02-15T09:09:59.986872"
Botsford And Sons Pharma Plc,2,Regular - Volumen Medio,16967006,41129,392,43283.18,50.8683,9.7067,"2026-02-15T09:09:59.986872"
Rosenbaum-tromp Pharm,2,Regular - Volumen Medio,15011245,46174,372,40352.81,48.6953,8.135,"2026-02-15T09:09:59.986872"
Balistreri Group Pharmacy,2,Regular - Volumen Medio,13730937,35748,373,36812.16,50.645,7.2269,"2026-02-15T09:09:59.986872"
Spencer-jerde Pharmacy,1,Básico - Bajo Volumen,3824431.0,8491,208,18386.69,50.0591,22.4941,"2026-02-15T09:09:59.986872"
"Cormier, Dietrich And Zulauf Pharmaceutical Limited",2,Regular - Volumen Medio,19645149,49700,372,52809.54,48.7406,9.3108,"2026-02-15T09:09:59.986872"
"Denesik, Walter And Beatty Pharma Plc",1,Básico - Bajo Volumen,3483160.0,8511,208,16745.96,52.8,21.9,"2026-02-15T09:09:59.986872"
Jast-cruickshank Pharmaceutical Ltd,2,Regular - Volumen Medio,19481315,42231,377,51674.58,51.2311,6.7724,"2026-02-15T09:09:59.986872"
"Harris, Daugherty And Okuneva Pharm",0,Premium - Alto Volumen,27390431,58867,400,68476.08,50.4286,7.4614,"2026-02-15T09:09:59.986872"
"Bernier, Murphy And Rau Pharmaceutical Ltd",1,Básico - Bajo Volumen,4338922.0,9289,164,26456.84,50.2628,18.8536,"2026-02-15T09:09:59.986872"
Funk And Sons Pharmaceutical Limited,1,Básico - Bajo Volumen,3176911.0,7562,201,15805.53,50.5833,21.6833,"2026-02-15T09:09:59.986872"
Senger-kirlin Pharmaceutical Ltd,0,Premium - Alto Volumen,33777187,71834,384,87961.42,50.2569,8.6418,"2026-02-15T09:09:59.986872"
Goldner-tillman Pharmacy,2,Regular - Volumen Medio,22662468,48259,394,57518.95,52.3833,8.9667,"2026-02-15T09:09:59.986872"
Moore Plc Pharmaceutical Ltd,1,Básico - Bajo Volumen,2511986.0,6422,180,13955.48,53.1833,22.0833,"2026-02-15T09:09:59.986872"
Kunze Plc Pharma Plc,2,Regular - Volumen Medio,13485800,44443,345,39089.28,50.9747,10.3244,"2026-02-15T09:09:59.986872"
Pfeffer-kirlin Pharmaceutical Limited,2,Regular - Volumen Medio,19316843.57,53859,404,47813.97,51.6833,7.4833,"2026-02-15T09:09:59.986872"
Boyer And Sons,2,Regular - Volumen Medio,17746543,47148,413,42969.84,54.0833,13.3833,"2026-02-15T09:09:59.986872"
"Langworth, Olson And Satterfield Pharmacy",0,Premium - Alto Volumen,31058213,117039,364,85324.76,51.3503,8.2836,"2026-02-15T09:09:59.986872"
Lockman Ltd Pharma Plc,2,Regular - Volumen Medio,17473731,38091,389,44919.62,47.7603,11.5567,"2026-02-15T09:09:59.986872"
Zemlak-witting Pharmacy,1,Básico - Bajo Volumen,3108507.0,7592,210,14802.41,52.4446,15.578,"2026-02-15T09:09:59.986872"
Yundt-crona Pharm,2,Regular - Volumen Medio,22680611,57873,412,55050.03,53.6591,9.8009,"2026-02-15T09:09:59.986872"
Watsica-kovacek Pharmacy,2,Regular - Volumen Medio,21508805,51409,388,55435.06,52.1031,9.36,"2026-02-15T09:09:59.986872"
"Haag, Bradtke And Terry Pharm",2,Regular - Volumen Medio,11470721,32700,400,28676.8,50.1328,8.9169,"2026-02-15T09:09:59.986872"
Upton Plc Pharma Plc,2,Regular - Volumen Medio,15442251,34315,405,38129.01,48.1372,11.5755,"2026-02-15T09:09:59.986872"
"Heathcote, Kovacek And Parker",2,Regular - Volumen Medio,16935193,40674,398,42550.74,50.3167,11.9167,"2026-02-15T09:09:59.986872"
"Koch, Borer And Hagenes",1,Básico - Bajo Volumen,2787247.0,8119,205,13596.33,52.0833,16.65,"2026-02-15T09:09:59.986872"
Pfeffer-hodkiewicz Pharmaceutical Ltd,1,Básico - Bajo Volumen,1681412.0,4180,208,8083.71,53.5628,20.9853,"2026-02-15T09:09:59.986872"
"Moen, Murazik And Smith Pharm",0,Premium - Alto Volumen,50981940,95220,388,131396.75,50.985,12.4333,"2026-02-15T09:09:59.986872"
Doyle-tillman Pharmaceutical Limited,2,Regular - Volumen Medio,22271034,52890,391,56959.17,49.45,10.95,"2026-02-15T09:09:59.986872"
Mcdermott Group Pharmaceutical Ltd,2,Regular - Volumen Medio,18544815,54673,400,46362.04,47.5458,9.6839,"2026-02-15T09:09:59.986872"
Feest-roob Pharmaceutical Limited,2,Regular - Volumen Medio,16912233,41658,410,41249.35,51.7286,10.2522,"2026-02-15T09:09:59.986872"
Feest-roob Pharmacy,2,Regular - Volumen Medio,12617746,31084,371,34010.1,51.505,10.7911,"2026-02-15T09:09:59.986872"
"Greenholt, Donnelly And O'reilly Pharmaceutical Ltd",2,Regular - Volumen Medio,17621081,41352,370,47624.54,48.0603,8.4586,"2026-02-15T09:09:59.986872"
Gibson-hill Pharma Plc,1,Básico - Bajo Volumen,3865510.0,9149,225,17180.04,50.1333,19.4,"2026-02-15T09:09:59.986872"
Marquardt Plc Pharmaceutical Ltd,2,Regular - Volumen Medio,13663289,36094,369,37027.88,48.4708,7.9408,"2026-02-15T09:09:59.986872"
"Nitzsche, Effertz And Maggio Pharmaceutical Limited",2,Regular - Volumen Medio,23190633,48489,414,56016.02,51.7067,10.0011,"2026-02-15T09:09:59.986872"
"Paucek, Keeling And Bruen Pharmaceutical Limited",2,Regular - Volumen Medio,16310587,38090,385,42365.16,49.8469,7.8669,"2026-02-15T09:09:59.986872"
Bayer Llc Pharm,2,Regular - Volumen Medio,13162556,35307,377,34913.94,49.3448,7.1799,"2026-02-15T09:09:59.986872"
Cremin-zemlak Pharma Plc,2,Regular - Volumen Medio,14981481,40705,361,41499.95,51.1931,7.0131,"2026-02-15T09:09:59.986872"
Tillman Group Pharma Plc,2,Regular - Volumen Medio,22244231,48208,369,60282.47,48.3833,10.0,"2026-02-15T09:09:59.986872"
Streich Plc Pharmaceutical Limited,1,Básico - Bajo Volumen,5285329.0,10162,212,24930.8,49.785,22.7673,"2026-02-15T09:09:59.986872"
Jakubowski Inc Pharmacy,2,Regular - Volumen Medio,22225397,49377,374,59426.2,51.5713,6.9827,"2026-02-15T09:09:59.986872"
Botsford And Sons Pharmaceutical Ltd,1,Básico - Bajo Volumen,4443214.0,9872,205,21674.21,54.1667,15.5667,"2026-02-15T09:09:59.986872"
Fritsch Llc Pharmaceutical Ltd,2,Regular - Volumen Medio,24598462,56626,367,67025.78,51.4283,6.8789,"2026-02-15T09:09:59.986872"
"Johns, Mueller And Nitzsche Pharma Plc",2,Regular - Volumen Medio,17659176,46786,361,48917.39,51.3833,7.7667,"2026-02-15T09:09:59.986872"
Daugherty-rempel Pharm,2,Regular - Volumen Medio,23938353,54347,408,58672.43,50.0558,8.6971,"2026-02-15T09:09:59.986872"
Pfeffer-kirlin Pharmacy,2,Regular - Volumen Medio,17143869,40049,377,45474.45,51.7633,7.8911,"2026-02-15T09:09:59.986872"
Romaguera-fay Pharmaceutical Limited,1,Básico - Bajo Volumen,3268339.0,10176,196,16675.2,52.5614,17.8231,"2026-02-15T09:09:59.986872"
Heller-abernathy Pharma Plc,2,Regular - Volumen Medio,17935602,49731,388,46225.78,54.1961,9.0933,"2026-02-15T09:09:59.986872"
Kreiger Inc Pharma Plc,1,Básico - Bajo Volumen,7052186.0,13793,220,32055.39,50.2833,21.4333,"2026-02-15T09:09:59.986872"
Leannon-west Pharmacy,1,Básico - Bajo Volumen,2553598.0,6682,202,12641.57,49.75,18.6333,"2026-02-15T09:09:59.986872"
"Haag, Bradtke And Terry Pharmacy",1,Básico - Bajo Volumen,2103695.0,5762,197,10678.65,52.0333,23.1167,"2026-02-15T09:09:59.986872"
Gleason Plc Pharma Plc,2,Regular - Volumen Medio,18560719,47046,375,49495.25,47.7247,12.8769,"2026-02-15T09:09:59.986872"
Predovic Llc Pharmaceutical Limited,0,Premium - Alto Volumen,35268106,99338,406,86867.26,49.9747,8.0564,"2026-02-15T09:09:59.986872"
"Steuber, Skiles And Kilback Pharma Plc",1,Básico - Bajo Volumen,4176041.0,11006,208,20077.12,50.3,19.1667,"2026-02-15T09:09:59.986872"
Roob Plc Pharm,2,Regular - Volumen Medio,20963971,49379,409,51256.65,49.9,8.6,"2026-02-15T09:09:59.986872"
Romaguera-fay Pharmaceutical Ltd,2,Regular - Volumen Medio,21296416,43472,349,61021.25,49.9893,8.6803,"2026-02-15T09:09:59.986872"
"Kilback, Beer And Batz Pharma Plc",1,Básico - Bajo Volumen,5002173.0,10116,202,24763.23,52.2333,19.3667,"2026-02-15T09:09:59.986872"
Legros-runte Pharmaceutical Ltd,2,Regular - Volumen Medio,14815534,36102,366,40479.6,48.7619,8.2408,"2026-02-15T09:09:59.986872"
Gottlieb-cruickshank Pharm,2,Regular - Volumen Medio,16350550,47609,379,43141.29,49.3292,11.0208,"2026-02-15T09:09:59.986872"
Gerlach Llc,1,Básico - Bajo Volumen,3318093.0,7285,218,15220.61,50.1333,19.6333,"2026-02-15T09:09:59.986872"
Collins-schmidt Pharmaceutical Limited,2,Regular - Volumen Medio,13112620,32819,377,34781.49,49.0364,8.7061,"2026-02-15T09:09:59.986872"
"Corkery, Trantow And Ferry Pharma Plc",2,Regular - Volumen Medio,20733668,44735,367,56495.01,53.4381,10.3747,"2026-02-15T09:09:59.986872"
Hoeger Ltd Pharm,0,Premium - Alto Volumen,31579659,71144,366,86283.22,51.1236,8.0681,"2026-02-15T09:09:59.986872"
Kozey-schroeder Pharma Plc,2,Regular - Volumen Medio,14717576,32162,369,39885.03,52.4394,9.74,"2026-02-15T09:09:59.986872"
"Leuschke, Waters And Schowalter Pharmacy",2,Regular - Volumen Medio,23994156,48794,372,64500.42,51.6708,8.6047,"2026-02-15T09:09:59.986872"
Lindgren-simonis Pharmacy,2,Regular - Volumen Medio,15528260,44761,398,39015.73,49.2833,11.4667,"2026-02-15T09:09:59.986872"
Leffler-russel Pharmaceutical Ltd,2,Regular - Volumen Medio,20819817,43862,379,54933.55,52.5233,7.3172,"2026-02-15T09:09:59.986872"
Koch-osinski Pharmacy,2,Regular - Volumen Medio,19264974,47718,362,53218.16,51.7319,6.5908,"2026-02-15T09:09:59.986872"
Mcdermott Inc Pharma Plc,0,Premium - Alto Volumen,30488127,76904,419,72764.03,51.8667,11.5667,"2026-02-15T09:09:59.986872"
"Gerhold, Mills And Effertz",2,Regular - Volumen Medio,10504986,26891,382,27499.96,49.3,10.5833,"2026-02-15T09:09:59.986872"
Kihn Group Pharmaceutical Limited,2,Regular - Volumen Medio,21789551,57332,384,56743.62,53.7064,10.0103,"2026-02-15T09:09:59.986872"
Koch-osinski Pharmaceutical Ltd,2,Regular - Volumen Medio,13545078,30731,390,34730.97,50.77,7.1867,"2026-02-15T09:09:59.986872"
Miller-satterfield Pharmaceutical Limited,2,Regular - Volumen Medio,21842511,50095,414,52759.69,50.2,10.0667,"2026-02-15T09:09:59.986872"
Waelchi Llc Pharmaceutical Limited,2,Regular - Volumen Medio,18385442.81,40834,371,49556.45,51.4508,7.0131,"2026-02-15T09:09:59.986872"
"Kshlerin, Ryan And Leuschke Pharma Plc",1,Básico - Bajo Volumen,3290178.0,9426,209,15742.48,51.9397,15.505,"2026-02-15T09:09:59.986872"
"Beahan, Littel And Ondricka",2,Regular - Volumen Medio,15780413,45078,354,44577.44,47.9878,10.1811,"2026-02-15T09:09:59.986872"
Homenick-larson Pharmaceutical Ltd,2,Regular - Volumen Medio,18672504,44998,378,49398.16,51.6167,7.6333,"2026-02-15T09:09:59.986872"
"Kertzmann, Quitzon And Harris Pharmaceutical Limited",2,Regular - Volumen Medio,15167196,35532,374,40554.0,51.7333,14.6333,"2026-02-15T09:09:59.986872"
Ondricka-waters Pharmaceutical Ltd,2,Regular - Volumen Medio,20725974,48420,384,53973.89,52.2,8.8,"2026-02-15T09:09:59.986872"
Cremin-zemlak Pharmaceutical Limited,2,Regular - Volumen Medio,16184130,34643,359,45081.14,51.7606,14.3342,"2026-02-15T09:09:59.986872"
"Moen, Murazik And Smith Pharmaceutical Ltd",2,Regular - Volumen Medio,17604254.89,56027,387,45489.03,48.7636,11.4261,"2026-02-15T09:09:59.986872"
"Wintheiser, Breitenberg And Gottlieb Pharma Plc",2,Regular - Volumen Medio,19596885,47142,388,50507.44,51.45,8.3667,"2026-02-15T09:09:59.986872"
"Buckridge, Hand And Hyatt",2,Regular - Volumen Medio,13596868,36842,368,36948.01,51.5667,6.7333,"2026-02-15T09:09:59.986872"
Ondricka Ltd Pharmaceutical Ltd,2,Regular - Volumen Medio,12649388,30869,340,37204.08,49.8917,10.8917,"2026-02-15T09:09:59.986872"
Waelchi Llc Pharm,2,Regular - Volumen Medio,14839876,34415,377,39363.07,49.25,8.8833,"2026-02-15T09:09:59.986872"
Welch-orn Pharmacy,2,Regular - Volumen Medio,14292695,34135,393,36368.18,49.9669,7.895,"2026-02-15T09:09:59.986872"
Breitenberg-kuhn Pharmacy,1,Básico - Bajo Volumen,3634309.0,8946,200,18171.55,51.4036,21.1567,"2026-02-15T09:09:59.986872"
Medhurst-beer Pharmaceutical Limited,1,Básico - Bajo Volumen,3694136.0,9367,156,23680.36,50.0833,18.5,"2026-02-15T09:09:59.986872"
Raynor-graham Pharma Plc,2,Regular - Volumen Medio,19655351,54452,363,54146.97,49.2333,7.0,"2026-02-15T09:09:59.986872"
Harris-conroy Pharmacy,2,Regular - Volumen Medio,18103702,50875,378,47893.39,53.5167,8.1333,"2026-02-15T09:09:59.986872"
"Zieme, Doyle And Kunze",1,Básico - Bajo Volumen,2740173.0,7270,193,14197.79,51.2333,22.5667,"2026-02-15T09:09:59.986872"
Franecki Inc Pharmacy,2,Regular - Volumen Medio,16569397,33863,386,42925.9,53.5967,7.2056,"2026-02-15T09:09:59.986872"
"Rodriguez, Stokes And Dickens",2,Regular - Volumen Medio,20839679,44637,361,57727.64,48.7228,9.2631,"2026-02-15T09:09:59.986872"
"Steuber, Skiles And Kilback Pharmacy",2,Regular - Volumen Medio,21144190,44713,396,53394.42,51.6539,7.3417,"2026-02-15T09:09:59.986872"
"Erdman, Senger And Oberbrunner Pharmaceutical Ltd",2,Regular - Volumen Medio,14239157,33141,347,41035.03,47.8667,11.4667,"2026-02-15T09:09:59.986872"
Gulgowski-vandervort Pharm,2,Regular - Volumen Medio,16801509,40094,417,40291.39,52.6,12.3333,"2026-02-15T09:09:59.986872"
Beier Plc Pharma Plc,2,Regular - Volumen Medio,22553041,54666,371,60789.87,49.5942,8.4671,"2026-02-15T09:09:59.986872"
Crist Llc Pharma Plc,2,Regular - Volumen Medio,18300521,46527,356,51405.96,49.35,8.15,"2026-02-15T09:09:59.986872"
Bayer Llc Pharmaceutical Ltd,1,Básico - Bajo Volumen,2322599.0,6530,204,11385.29,54.1667,17.5,"2026-02-15T09:09:59.986872"
Haley Plc Pharmaceutical Limited,1,Básico - Bajo Volumen,3081338.0,6772,186,16566.33,50.6722,17.9253,"2026-02-15T09:09:59.986872"
Kuhic Llc Pharma Plc,1,Básico - Bajo Volumen,2418711.0,7435,186,13003.82,52.65,16.8167,"2026-02-15T09:09:59.986872"
Schaden-hirthe Pharmaceutical Ltd,1,Básico - Bajo Volumen,3350997.0,7664,204,16426.46,50.8438,16.4886,"2026-02-15T09:09:59.986872"
"Wintheiser, Breitenberg And Gottlieb Pharmaceutical Limited",1,Básico - Bajo Volumen,4174779.0,8798,188,22206.27,52.1243,20.6654,"2026-02-15T09:09:59.986872"
Corkery-kovacek Pharm,0,Premium - Alto Volumen,31178348,66746,428,72846.61,48.5711,7.8089,"2026-02-15T09:09:59.986872"
Rogahn-klein Pharma Plc,2,Regular - Volumen Medio,23240747,51450,415,56001.8,48.6928,9.1428,"2026-02-15T09:09:59.986872"
Runolfsson-powlowski Pharmacy,0,Premium - Alto Volumen,30452796,64947,385,79098.17,49.1347,10.0706,"2026-02-15T09:09:59.986872"
Schuppe Inc Pharm,0,Premium - Alto Volumen,25833159,63709,388,66580.31,47.8683,12.6433,"2026-02-15T09:09:59.986872"
"Schinner, Gaylord And Treutel Pharmaceutical Limited",2,Regular - Volumen Medio,11103264,31524,343,32371.03,53.6747,10.2411,"2026-02-15T09:09:59.986872"
Crona Plc Pharmaceutical Ltd,2,Regular - Volumen Medio,21157340,62900,396,53427.63,51.8833,8.6167,"2026-02-15T09:09:59.986872"
Kling Inc Pharm,2,Regular - Volumen Medio,13605619,34542,380,35804.26,49.1404,9.218,"2026-02-15T09:09:59.986872"
Welch-orn Pharm,2,Regular - Volumen Medio,21281553,53479,412,51654.25,53.3669,7.2061,"2026-02-15T09:09:59.986872"
Feest-roob Pharmaceutical Ltd,1,Básico - Bajo Volumen,2705799.0,7137,196,13805.1,52.1167,16.1167,"2026-02-15T09:09:59.986872"
Homenick-larson,2,Regular - Volumen Medio,16704181,38556,388,43052.01,52.3081,8.6231,"2026-02-15T09:09:59.986872"
Mann-waelchi Pharmacy,2,Regular - Volumen Medio,18935537,40483,387,48929.04,53.013,9.033,"2026-02-15T09:09:59.986872"
Kozey-emmerich,2,Regular - Volumen Medio,22240362,67122,377,58993.0,50.8247,6.1275,"2026-02-15T09:09:59.986872"
Stanton-cole Pharma Plc,2,Regular - Volumen Medio,16902507,41466,384,44016.95,50.4397,7.4017,"2026-02-15T09:09:59.986872"
"Prohaska, Bogisich And Gutkowski Pharm",2,Regular - Volumen Medio,19105256,54517,395,48367.74,53.8117,10.3742,"2026-02-15T09:09:59.986872"
Botsford And Sons,2,Regular - Volumen Medio,20860160,61476,390,53487.59,51.6667,7.1167,"2026-02-15T09:09:59.986872"
Crist Inc Pharmaceutical Ltd,2,Regular - Volumen Medio,13277304,47880,367,36177.94,49.25,6.8333,"2026-02-15T09:09:59.986872"
Jacobs-jones Pharmaceutical Ltd,2,Regular - Volumen Medio,17397589,42422,357,48732.74,54.7819,9.4367,"2026-02-15T09:09:59.986872"
Pfannerstill Group Pharmaceutical Limited,2,Regular - Volumen Medio,16728929,52520,385,43451.76,51.2278,6.6273,"2026-02-15T09:09:59.986872"
Prohaska-kuhic Pharma Plc,2,Regular - Volumen Medio,17287187,46678,389,44440.07,49.2,7.6,"2026-02-15T09:09:59.986872"
Purdy Ltd,2,Regular - Volumen Medio,13481935,37063,391,34480.65,51.08,6.3156,"2026-02-15T09:09:59.986872"
Botsford Plc Pharmacy,1,Básico - Bajo Volumen,3336387.0,6971,186,17937.56,51.6642,19.35,"2026-02-15T09:09:59.986872"
"Gerhold, Mills And Effertz Pharm",1,Básico - Bajo Volumen,3114061.0,7189,181,17204.76,50.2009,17.8286,"2026-02-15T09:09:59.986872"
Crist Llc,2,Regular - Volumen Medio,14503355,39977,359,40399.32,48.95,8.8392,"2026-02-15T09:09:59.986872"
Rohan And Sons Pharmaceutical Limited,2,Regular - Volumen Medio,13296562,31925,373,35647.62,50.15,8.8333,"2026-02-15T09:09:59.986872"
"Bogan, Jacobs And Kris Pharmacy",1,Básico - Bajo Volumen,2456080.0,5906,207,11865.12,51.4667,22.6,"2026-02-15T09:09:59.986872"
Parisian Ltd Pharm,1,Básico - Bajo Volumen,3381766.0,10942,204,16577.28,50.9,15.7333,"2026-02-15T09:09:59.986872"
Schaefer Llc Pharmacy,1,Básico - Bajo Volumen,2620028.0,6060,188,13936.32,53.9697,14.7858,"2026-02-15T09:09:59.986872"
Gibson-hill Pharmaceutical Limited,2,Regular - Volumen Medio,24554107,55314,400,61385.27,50.3353,8.755,"2026-02-15T09:09:59.986872"
"Herman, Rice And Rippin Pharm",2,Regular - Volumen Medio,21045758,50226,401,52483.19,50.58,13.0022,"2026-02-15T09:09:59.986872"
White Inc Pharmacy,2,Regular - Volumen Medio,14123749,42794,385,36685.06,50.2292,8.6105,"2026-02-15T09:09:59.986872"
Doyle-tillman Pharmaceutical Ltd,1,Básico - Bajo Volumen,7157747.0,18704,218,32833.7,51.5667,21.8614,"2026-02-15T09:09:59.986872"
Mills Inc Pharma Plc,1,Básico - Bajo Volumen,4157684.0,10649,191,21767.98,53.1167,18.0,"2026-02-15T09:09:59.986872"
"Schmitt, Berge And Haley Pharma Plc",1,Básico - Bajo Volumen,2381464.0,7354,190,12534.02,50.4378,16.6528,"2026-02-15T09:09:59.986872"
Steuber Ltd Pharmacy,1,Básico - Bajo Volumen,2676409.0,8480,192,13939.63,53.0833,21.5667,"2026-02-15T09:09:59.986872"
Monahan Ltd Pharma Plc,2,Regular - Volumen Medio,22679791,50708,384,59061.96,53.7939,12.1764,"2026-02-15T09:09:59.986872"
"Paucek, Keeling And Bruen Pharma Plc",2,Regular - Volumen Medio,18744865,48509,386,48561.83,49.4667,7.1667,"2026-02-15T09:09:59.986872"
"Schowalter, Runolfsson And Vonrueden Pharmaceutical Limited",0,Premium - Alto Volumen,31223027,123032,390,80059.04,51.2003,6.6939,"2026-02-15T09:09:59.986872"
"Denesik, Walter And Beatty",2,Regular - Volumen Medio,13055314,32007,375,34814.17,52.4333,7.0667,"2026-02-15T09:09:59.986872"
"Kshlerin, Ryan And Leuschke Pharm",2,Regular - Volumen Medio,15529256,39454,376,41301.21,54.0833,12.1333,"2026-02-15T09:09:59.986872"
"Parisian, Hagenes And Skiles Pharm",2,Regular - Volumen Medio,21674039,48604,366,59218.69,50.6547,12.1997,"2026-02-15T09:09:59.986872"
Mraz-kutch Pharmacy,2,Regular - Volumen Medio,12040395,30073,389,30952.17,52.0875,8.7506,"2026-02-15T09:09:59.986872"
Raynor-graham Pharmaceutical Limited,1,Básico - Bajo Volumen,2624693.0,6255,226,11613.69,52.7333,15.25,"2026-02-15T09:09:59.986872"
"Steuber, Hills And Botsford",2,Regular - Volumen Medio,22558231,54524,399,56536.92,50.9489,10.7183,"2026-02-15T09:09:59.986872"
"Effertz, Heaney And Tillman Pharma Plc",2,Regular - Volumen Medio,18405382,46126,403,45670.92,50.3667,8.75,"2026-02-15T09:09:59.986872"
"Beahan, Littel And Ondricka Pharmacy",1,Básico - Bajo Volumen,2390284.0,5724,196,12195.33,52.0583,19.2,"2026-02-15T09:09:59.986872"
Fahey-flatley,2,Regular - Volumen Medio,14920125,35348,369,40433.94,51.3594,7.475,"2026-02-15T09:09:59.986872"
Huels-klein Pharmaceutical Ltd,2,Regular - Volumen Medio,15134662,42405,383,39516.09,52.2281,11.0106,"2026-02-15T09:09:59.986872"
"Kirlin, Hamill And Dickinson Pharmaceutical Limited",2,Regular - Volumen Medio,12572829,31688,356,35316.94,50.9622,13.9403,"2026-02-15T09:09:59.986872"
Raynor Llc Pharm,2,Regular - Volumen Medio,21624981,49740,371,58288.36,51.1714,6.9394,"2026-02-15T09:09:59.986872"
Stehr-champlin Pharmaceutical Limited,1,Básico - Bajo Volumen,2408391.0,5786,216,11149.96,53.4167,19.5833,"2026-02-15T09:09:59.986872"
"Schmitt, Berge And Haley Pharmaceutical Ltd",2,Regular - Volumen Medio,19926566,44582,376,52996.19,50.2666,10.9666,"2026-02-15T09:09:59.986872"
Kertzmann-ward Pharma Plc,1,Básico - Bajo Volumen,3483381.0,8888,195,17863.49,51.3833,20.2833,"2026-02-15T09:09:59.986872"
Kris Llc Pharm,2,Regular - Volumen Medio,20364687,55941,419,48603.07,51.0478,12.1383,"2026-02-15T09:09:59.986872"
Kozey-schroeder Pharm,2,Regular - Volumen Medio,14939828,36545,362,41270.24,51.3265,6.971,"2026-02-15T09:09:59.986872"
Reichel Inc Pharm,2,Regular - Volumen Medio,15052354,36984,381,39507.49,52.0167,11.75,"2026-02-15T09:09:59.986872"
Powlowski-buckridge Pharma Plc,1,Básico - Bajo Volumen,4031985.0,8389,202,19960.32,54.5805,16.8619,"2026-02-15T09:09:59.986872"
Osinski-botsford Pharm,2,Regular - Volumen Medio,17548739,37532,379,46302.74,51.2667,6.6667,"2026-02-15T09:09:59.986872"
Jast-cruickshank Pharmacy,2,Regular - Volumen Medio,12354986,33927,360,34319.41,49.3,7.1167,"2026-02-15T09:09:59.986872"
Schuppe Inc,2,Regular - Volumen Medio,18630454,53493,380,49027.51,49.6811,8.6228,"2026-02-15T09:09:59.986872"
Block-romaguera Pharmaceutical Limited,1,Básico - Bajo Volumen,3606809.0,8559,215,16775.86,50.45,18.8667,"2026-02-15T09:09:59.986872"
"Hills, Stroman And Ernser Pharm",1,Básico - Bajo Volumen,2444196.0,6232,193,12664.23,52.7025,21.0828,"2026-02-15T09:09:59.986872"
"Block, Thiel And Kuphal Pharm",2,Regular - Volumen Medio,20011111,41216,363,55127.03,50.1435,8.1606,"2026-02-15T09:09:59.986872"
Reilly Ltd Pharma Plc,2,Regular - Volumen Medio,21261599.31,60853,413,51480.87,48.2689,10.8908,"2026-02-15T09:09:59.986872"
Walsh-brown Pharma Plc,2,Regular - Volumen Medio,15420109,40096,383,40261.38,52.2789,8.0431,"2026-02-15T09:09:59.986872"
"Wisozk, Brekke And Bartoletti Pharmacy",2,Regular - Volumen Medio,18331124,46491,399,45942.67,52.5583,13.0917,"2026-02-15T09:09:59.986872"
"Roob, Ernser And Kub Pharmaceutical Ltd",2,Regular - Volumen Medio,11484775,27197,345,33289.2,51.6422,7.2508,"2026-02-15T09:09:59.986872"
Tillman Group Pharmaceutical Limited,2,Regular - Volumen Medio,12775058,37665,373,34249.49,50.9653,6.1194,"2026-02-15T09:09:59.986872"
Hansen Group Pharm,1,Básico - Bajo Volumen,3618319.0,8194,207,17479.8,51.0308,15.4202,"2026-02-15T09:09:59.986872"
"Wisozk, Brekke And Bartoletti",2,Regular - Volumen Medio,15223700,39409,380,40062.37,50.35,11.1667,"2026-02-15T09:09:59.986872"
Ondricka Ltd Pharmacy,1,Básico - Bajo Volumen,4572787.0,9329,185,24717.77,53.9167,14.25,"2026-02-15T09:09:59.986872"
Ward Group Pharm,2,Regular - Volumen Medio,13220233,31439,375,35253.95,51.2,6.4333,"2026-02-15T09:09:59.986872"
Barrows Inc Pharmacy,0,Premium - Alto Volumen,26810951,54668,350,76602.72,52.4022,13.2706,"2026-02-15T09:09:59.986872"
Hermiston And Sons Pharma Plc,1,Básico - Bajo Volumen,2707624.0,6980,212,12771.81,49.9833,20.4333,"2026-02-15T09:09:59.986872"
Leffler-russel Pharm,1,Básico - Bajo Volumen,2376045.0,6611,217,10949.52,52.0938,21.1176,"2026-02-15T09:09:59.986872"
"Ondricka, Rosenbaum And Beahan Pharm",2,Regular - Volumen Medio,17670461.46,50060,354,49916.56,51.3833,7.6667,"2026-02-15T09:09:59.986872"
"Buckridge, Dach And Carroll",2,Regular - Volumen Medio,18630041,42291,389,47892.14,47.6542,9.4792,"2026-02-15T09:09:59.986872"
West Group Pharma Plc,2,Regular - Volumen Medio,13108501,48928,396,33102.28,51.75,11.4667,"2026-02-15T09:09:59.986872"
Lockman-welch Pharmaceutical Limited,2,Regular - Volumen Medio,17346010,43834,406,42724.16,49.2494,7.3608,"2026-02-15T09:09:59.986872"
Hartmann-wolf,1,Básico - Bajo Volumen,2097916.0,5231,191,10983.85,51.305,17.0614,"2026-02-15T09:09:59.986872"
Balistreri-watsica Pharma Plc,2,Regular - Volumen Medio,18599629,44010,381,48817.92,50.8756,8.0167,"2026-02-15T09:09:59.986872"
Kris Llc Pharmaceutical Limited,2,Regular - Volumen Medio,13506779,38509,403,33515.58,51.6,7.1333,"2026-02-15T09:09:59.986872"
Mcdermott Inc Pharmacy,0,Premium - Alto Volumen,31741289,74733,398,79751.98,49.5333,8.35,"2026-02-15T09:09:59.986872"
Vonrueden-adams Pharm,2,Regular - Volumen Medio,18214419,46385,396,45996.01,51.5264,12.3425,"2026-02-15T09:09:59.986872"
Bayer Llc,0,Premium - Alto Volumen,34889178,73840,413,84477.43,50.7169,11.3275,"2026-02-15T09:09:59.986872"
West Group Pharm,2,Regular - Volumen Medio,14915701,33214,360,41432.5,51.1167,6.95,"2026-02-15T09:09:59.986872"
Pfannerstill Group Pharmaceutical Ltd,1,Básico - Bajo Volumen,2622794.0,6081,178,14734.8,51.0333,17.3333,"2026-02-15T09:09:59.986872"
Sauer And Sons Pharmacy,2,Regular - Volumen Medio,16658138,39003,328,50787.01,50.8775,6.8761,"2026-02-15T09:09:59.986872"
Jakubowski Inc Pharma Plc,2,Regular - Volumen Medio,14172280,36188,408,34735.98,51.3208,6.4931,"2026-02-15T09:09:59.986872"
Steuber Ltd Pharm,2,Regular - Volumen Medio,16053111,61505,375,42808.3,50.8782,12.0824,"2026-02-15T09:09:59.986872"
Kozey Ltd Pharma Plc,0,Premium - Alto Volumen,36233388,82626,405,89465.16,49.8594,8.5525,"2026-02-15T09:09:59.986872"
Weber Ltd Pharmacy,2,Regular - Volumen Medio,14172960,36187,363,39043.97,51.4828,11.9697,"2026-02-15T09:09:59.986872"
Lesch Plc Pharmacy,1,Básico - Bajo Volumen,3230194.0,7760,188,17181.88,51.1077,17.0353,"2026-02-15T09:09:59.986872"
"Parisian, Hagenes And Skiles Pharma Plc",1,Básico - Bajo Volumen,2942575.0,7078,204,14424.39,52.8833,18.7833,"2026-02-15T09:09:59.986872"
"Brakus, Rempel And Harber Pharma Plc",1,Básico - Bajo Volumen,1780951.0,5240,175,10176.86,49.4833,20.0333,"2026-02-15T09:09:59.986872"
Medhurst-beer,2,Regular - Volumen Medio,19069106,44973,395,48276.22,50.7762,6.0838,"2026-02-15T09:09:59.986872"
Hermiston Llc Pharmaceutical Ltd,2,Regular - Volumen Medio,16422171,45060,367,44747.06,47.8078,9.6417,"2026-02-15T09:09:59.986872"
Lesch Plc Pharma Plc,2,Regular - Volumen Medio,16162203.33,36198,366,44159.03,52.2917,13.625,"2026-02-15T09:09:59.986872"
"Bogan, Jacobs And Kris Pharmaceutical Limited",2,Regular - Volumen Medio,13682116,31108,365,37485.25,50.5667,8.5,"2026-02-15T09:09:59.986872"
Vonrueden-adams Pharmaceutical Limited,2,Regular - Volumen Medio,14640530,35182,388,37733.32,48.8086,9.2758,"2026-02-15T09:09:59.986872"
Bartoletti-altenwerth,1,Básico - Bajo Volumen,1990705.0,7183,183,10878.17,53.55,14.5708,"2026-02-15T09:09:59.986872"
Nader-gaylord Pharmaceutical Limited,1,Básico - Bajo Volumen,3712038.0,9573,199,18653.46,50.8986,16.7444,"2026-02-15T09:09:59.986872"
Mayert-weber Pharmaceutical Ltd,2,Regular - Volumen Medio,23937127,48116,421,56857.78,51.0247,11.5139,"2026-02-15T09:09:59.986872"
"Pfannerstill, Upton And Balistreri Pharm",2,Regular - Volumen Medio,13599383,38011,407,33413.72,50.6872,10.9142,"2026-02-15T09:09:59.986872"
Buckridge-davis,1,Básico - Bajo Volumen,2886870.0,6247,196,14728.93,51.2101,16.1619,"2026-02-15T09:09:59.986872"
"Crist, Wisoky And Nolan Pharmaceutical Ltd",1,Básico - Bajo Volumen,4636675.0,14668,221,20980.43,53.0167,18.6167,"2026-02-15T09:09:59.986872"
Fritsch-hauck Pharma Plc,1,Básico - Bajo Volumen,2970084.0,7386,205,14488.21,50.2333,19.1333,"2026-02-15T09:09:59.986872"
Streich Plc Pharm,0,Premium - Alto Volumen,25662980,60177,352,72906.19,47.7369,8.9697,"2026-02-15T09:09:59.986872"
Buckridge Inc Pharmaceutical Limited,2,Regular - Volumen Medio,20358731,48780,408,49898.85,51.5167,14.0167,"2026-02-15T09:09:59.986872"
"Johnson, Friesen And Torphy Pharma Plc",1,Básico - Bajo Volumen,3218113.0,6914,184,17489.74,53.2524,14.4883,"2026-02-15T09:09:59.986872"
Torp-fisher Pharma Plc,1,Básico - Bajo Volumen,4154954.0,8588,218,19059.42,49.6556,21.1604,"2026-02-15T09:09:59.986872"
Hoeger Ltd,2,Regular - Volumen Medio,23407180,49495,376,62253.14,48.6761,10.1544,"2026-02-15T09:09:59.986872"
Erdman Plc Pharma Plc,2,Regular - Volumen Medio,15938326,37170,367,43428.68,51.0167,13.65,"2026-02-15T09:09:59.986872"
Reichel Inc,0,Premium - Alto Volumen,43879630,91056,353,124304.9,49.7567,6.6414,"2026-02-15T09:09:59.986872"
"Reinger, Kihn And Goyette Pharma Plc",2,Regular - Volumen Medio,19790646,41962,401,49353.23,50.6597,6.7917,"2026-02-15T09:09:59.986872"
Raynor-graham,0,Premium - Alto Volumen,40864601,88432,385,106141.82,53.5833,9.7,"2026-02-15T09:09:59.986872"
"Daniel, Baumbach And Nitzsche",2,Regular - Volumen Medio,23439337,52380,367,63867.4,50.1257,8.83,"2026-02-15T09:09:59.986872"
Kihn Group,2,Regular - Volumen Medio,26262705,55934,395,66487.86,51.79,6.14,"2026-02-15T09:09:59.986872"
Leannon-west,2,Regular - Volumen Medio,17560978,48564,399,44012.48,50.9,7.1833,"2026-02-15T09:09:59.986872"
"Balistreri, Torp And Gulgowski Pharmacy",1,Básico - Bajo Volumen,2770066.0,7432,209,13253.9,53.2,18.6,"2026-02-15T09:09:59.986872"
Lindgren-simonis Pharm,1,Básico - Bajo Volumen,4567704.0,9816,208,21960.12,53.8647,20.9569,"2026-02-15T09:09:59.986872"
Boyer And Sons Pharmaceutical Ltd,2,Regular - Volumen Medio,16024875,40565,422,37973.64,50.8342,10.9464,"2026-02-15T09:09:59.986872"
Trantow Llc Pharm,2,Regular - Volumen Medio,14376097,41184,416,34557.93,51.9667,8.2331,"2026-02-15T09:09:59.986872"
Balistreri Group Pharmaceutical Ltd,1,Básico - Bajo Volumen,4643199.0,9790,204,22760.78,50.3197,17.5792,"2026-02-15T09:09:59.986872"
Miller-satterfield Pharma Plc,1,Básico - Bajo Volumen,3074939.0,7003,208,14783.36,53.3583,20.425,"2026-02-15T09:09:59.986872"
Hill Ltd Pharmaceutical Limited,2,Regular - Volumen Medio,15573674,36542,370,42091.01,48.3717,10.8983,"2026-02-15T09:09:59.986872"
Hill-daniel Pharmaceutical Ltd,0,Premium - Alto Volumen,27625153,57991,373,74062.07,54.0714,9.99,"2026-02-15T09:09:59.986872"
Vandervort Llc Pharmaceutical Ltd,2,Regular - Volumen Medio,21008338,46777,363,57874.21,48.1681,8.6247,"2026-02-15T09:09:59.986872"
Harris-conroy Pharm,0,Premium - Alto Volumen,23379567,89688,414,56472.38,51.8258,8.1436,"2026-02-15T09:09:59.986872"
Spencer-jerde Pharmaceutical Limited,2,Regular - Volumen Medio,19408097,44506,419,46320.04,47.88,10.6225,"2026-02-15T09:09:59.986872"
"Wiegand, Jast And Yost",2,Regular - Volumen Medio,15454013,37048,384,40244.83,51.1833,6.5167,"2026-02-15T09:09:59.986872"
"Spinka, Schowalter And Conn",2,Regular - Volumen Medio,21909044,47442,431,50833.05,50.9667,6.65,"2026-02-15T09:09:59.986872"
Schulist-zulauf Pharmaceutical Ltd,2,Regular - Volumen Medio,17344902,47986,391,44360.36,48.8597,9.185,"2026-02-15T09:09:59.986872"
"Moen, Murazik And Smith",1,Básico - Bajo Volumen,4577396.0,10679,194,23594.82,52.1833,22.2833,"2026-02-15T09:09:59.986872"
Okuneva-corkery,1,Básico - Bajo Volumen,2089400.0,5637,187,11173.26,52.5883,14.6667,"2026-02-15T09:09:59.986872"
"Towne, Cummerata And Blanda Pharmaceutical Ltd",2,Regular - Volumen Medio,20408157,66553,370,55157.18,49.8667,8.65,"2026-02-15T09:09:59.986872"
Monahan Ltd Pharmaceutical Ltd,2,Regular - Volumen Medio,18255217,49493,392,46569.43,53.2525,10.4144,"2026-02-15T09:09:59.986872"
Sauer And Sons,2,Regular - Volumen Medio,13536752,33217,360,37602.09,50.6,6.65,"2026-02-15T09:09:59.986872"
"Steuber, Skiles And Kilback Pharmaceutical Limited",2,Regular - Volumen Medio,20676355,52254,367,56338.84,50.7339,7.0997,"2026-02-15T09:09:59.986872"
"Casper, Hyatt And Jakubowski Pharmacy",2,Regular - Volumen Medio,16251248,38304,344,47242.0,52.2883,8.9167,"2026-02-15T09:09:59.986872"
Koch-osinski Pharm,1,Básico - Bajo Volumen,2332343.0,6767,181,12885.87,50.6833,21.75,"2026-02-15T09:09:59.986872"
Waelchi Llc Pharmacy,1,Básico - Bajo Volumen,3166471.0,11955,202,15675.6,50.25,19.0,"2026-02-15T09:09:59.986872"
Block-romaguera Pharmacy,2,Regular - Volumen Medio,16222591,41081,377,43030.75,51.5528,7.9139,"2026-02-15T09:09:59.986872"
Kozey Ltd Pharmacy,2,Regular - Volumen Medio,21896904,43092,361,60656.24,54.3,13.0833,"2026-02-15T09:09:59.986872"
Prohaska-kuhic Pharmaceutical Limited,2,Regular - Volumen Medio,15784215,43544,368,42891.89,53.5747,7.7808,"2026-02-15T09:09:59.986872"
"Buckridge, Hand And Hyatt Pharma Plc",1,Básico - Bajo Volumen,4539401.0,12460,209,21719.62,51.1528,15.0,"2026-02-15T09:09:59.986872"
Mraz Group Pharma Plc,2,Regular - Volumen Medio,23335795,54258,391,59682.34,52.6667,13.2831,"2026-02-15T09:09:59.986872"
Ondricka-waters Pharmaceutical Limited,2,Regular - Volumen Medio,13339873,34228,379,35197.55,52.1906,9.0814,"2026-02-15T09:09:59.986872"
Rogahn-klein Pharm,2,Regular - Volumen Medio,13148699,39733,368,35730.16,48.7184,10.777,"2026-02-15T09:09:59.986872"
Bashirian Group,2,Regular - Volumen Medio,12844015,29820,348,36908.09,48.895,8.705,"2026-02-15T09:09:59.986872"
Hill-daniel,2,Regular - Volumen Medio,20706643,46963,368,56268.05,51.6667,7.6167,"2026-02-15T09:09:59.986872"
Dach Plc Pharm,0,Premium - Alto Volumen,27176852,77559,366,74253.69,50.0,8.2711,"2026-02-15T09:09:59.986872"
Abernathy And Sons,2,Regular - Volumen Medio,20946863,50796,370,56613.14,47.9947,7.8497,"2026-02-15T09:09:59.986872"
Barrows-kohler Pharm,2,Regular - Volumen Medio,17828865,44766,422,42248.5,53.55,10.0,"2026-02-15T09:09:59.986872"
"Towne, Cummerata And Blanda Pharmaceutical Limited",2,Regular - Volumen Medio,15685787,39729,375,41828.77,51.1521,11.8098,"2026-02-15T09:09:59.986872"
Fritsch-hauck Pharm,2,Regular - Volumen Medio,13343759,31358,340,39246.35,52.3667,14.0667,"2026-02-15T09:09:59.986872"
Lemke Ltd Pharmaceutical Limited,2,Regular - Volumen Medio,15615098,41672,398,39233.91,50.9222,6.3583,"2026-02-15T09:09:59.986872"
Hermiston Llc,1,Básico - Bajo Volumen,3507057.0,7171,214,16388.12,51.0,16.3333,"2026-02-15T09:09:59.986872"
Koss-beier Pharmacy,2,Regular - Volumen Medio,22083533.2,51781,405,54527.24,49.2461,11.0911,"2026-02-15T09:09:59.986872"
Crona Group Pharma Plc,1,Básico - Bajo Volumen,3128705.0,9240,205,15261.98,53.7358,18.9308,"2026-02-15T09:09:59.986872"
"Greenholt, Donnelly And O'reilly Pharmaceutical Limited",1,Básico - Bajo Volumen,2190150.0,5937,208,10529.57,54.5667,18.4,"2026-02-15T09:09:59.986872"
Walsh-brown Pharmaceutical Ltd,2,Regular - Volumen Medio,21172343.66,46034,361,58649.15,51.8,11.7333,"2026-02-15T09:09:59.986872"
Ward Group Pharma Plc,2,Regular - Volumen Medio,20747463,43071,393,52792.53,52.3031,9.4606,"2026-02-15T09:09:59.986872"
"Crist, Wisoky And Nolan Pharmaceutical Limited",2,Regular - Volumen Medio,15916494,38528,371,42901.6,51.1392,7.2051,"2026-02-15T09:09:59.986872"
"Steuber, Hills And Botsford Pharma Plc",2,Regular - Volumen Medio,17871265,44542,355,50341.59,51.1333,8.3,"2026-02-15T09:09:59.986872"
"Herman, Rice And Rippin",1,Básico - Bajo Volumen,2341813.0,6110,205,11423.48,50.6,17.0444,"2026-02-15T09:09:59.986872"
Lesch Plc Pharmaceutical Ltd,1,Básico - Bajo Volumen,3095805.0,8458,209,14812.46,50.6874,16.3717,"2026-02-15T09:09:59.986872"
Watsica-kovacek Pharmaceutical Ltd,2,Regular - Volumen Medio,21527838,49868,369,58341.02,49.3481,8.6911,"2026-02-15T09:09:59.986872"
"Wunsch, Mills And Walter Pharmaceutical Limited",2,Regular - Volumen Medio,23883299,59755,361,66158.72,51.9625,7.6256,"2026-02-15T09:09:59.986872"
Barrows-kohler Pharma Plc,2,Regular - Volumen Medio,24786161,60696,386,64212.85,51.9458,7.1675,"2026-02-15T09:09:59.986872"
Koss Ltd Pharmaceutical Ltd,2,Regular - Volumen Medio,20862668.32,63212,389,53631.54,52.2,8.7,"2026-02-15T09:09:59.986872"
Buckridge-davis Pharmaceutical Limited,2,Regular - Volumen Medio,26502119,52897,397,66755.97,49.7197,11.0581,"2026-02-15T09:09:59.986872"
Heller-abernathy Pharmaceutical Limited,2,Regular - Volumen Medio,20706917,43076,398,52027.43,50.8014,7.2044,"2026-02-15T09:09:59.986872"
"Beer, Kohler And Beatty",0,Premium - Alto Volumen,27420314,81509,385,71221.59,50.2028,8.5769,"2026-02-15T09:09:59.986872"
Huel Inc Pharm,2,Regular - Volumen Medio,24317580,52307,381,63825.67,50.7189,12.4961,"2026-02-15T09:09:59.986872"
Smith Inc Pharm,2,Regular - Volumen Medio,13986786,34525,331,42256.15,52.0831,13.1667,"2026-02-15T09:09:59.986872"
"Kuphal, Herzog And Purdy Pharmaceutical Limited",2,Regular - Volumen Medio,24918783,53275,386,64556.43,48.3001,11.9082,"2026-02-15T09:09:59.986872"
Schulist Llc Pharmaceutical Limited,2,Regular - Volumen Medio,22386810.78,46553,362,61842.02,52.5055,9.4636,"2026-02-15T09:09:59.986872"
"Sanford, Franecki And Greenholt",1,Básico - Bajo Volumen,3070046.0,8959,221,13891.61,51.8,15.7167,"2026-02-15T09:09:59.986872"
Barrows Inc Pharmaceutical Limited,2,Regular - Volumen Medio,18892757,43986,366,51619.55,49.3194,8.4311,"2026-02-15T09:09:59.986872"
"Schinner, Gaylord And Treutel Pharmacy",2,Regular - Volumen Medio,12433113,30005,373,33332.74,51.6667,7.8167,"2026-02-15T09:09:59.986872"
Runolfsson-halvorson Pharm,0,Premium - Alto Volumen,31832949,73088,401,79383.91,51.5467,6.6006,"2026-02-15T09:09:59.986872"
"Upton, Abernathy And Goodwin Pharmaceutical Limited",2,Regular - Volumen Medio,12302821,30026,365,33706.36,51.9378,8.8833,"2026-02-15T09:09:59.986872"
Will And Sons Pharmaceutical Limited,1,Básico - Bajo Volumen,3770022.0,10245,189,19947.21,52.4,16.9167,"2026-02-15T09:09:59.986872"
Daugherty-rempel Pharmaceutical Limited,2,Regular - Volumen Medio,18217043,46302,376,48449.58,48.0867,9.2164,"2026-02-15T09:09:59.986872"
"Mcclure, Zemlak And Dibbert Pharmaceutical Limited",1,Básico - Bajo Volumen,2530575.0,7672,212,11936.67,52.2367,17.0986,"2026-02-15T09:09:59.986872"
Cartwright-fay,2,Regular - Volumen Medio,17334422,45538,396,43773.79,50.7667,6.2333,"2026-02-15T09:09:59.986872"
Lemke Ltd Pharm,1,Básico - Bajo Volumen,2344657.0,7476,185,12673.82,50.0125,20.9883,"2026-02-15T09:09:59.986872"
"Wintheiser, Breitenberg And Gottlieb",2,Regular - Volumen Medio,17093844,42744,372,45951.19,52.2,8.6,"2026-02-15T09:09:59.986872"
Schaefer Group Pharmaceutical Ltd,2,Regular - Volumen Medio,14980185,37017,344,43547.05,50.0256,8.8841,"2026-02-15T09:09:59.986872"
"Schinner, Gaylord And Treutel Pharmaceutical Ltd",1,Básico - Bajo Volumen,2687671.0,6586,204,13174.86,50.3239,19.1947,"2026-02-15T09:09:59.986872"
Balistreri-watsica Pharmacy,1,Básico - Bajo Volumen,6112850.0,14488,236,25901.91,53.8167,22.35,"2026-02-15T09:09:59.986872"
"Kub, Von And Herzog Pharmaceutical Ltd",2,Regular - Volumen Medio,18027461,41553,365,49390.3,51.8439,6.8583,"2026-02-15T09:09:59.986872"
"Romaguera, Moen And Hagenes Pharm",2,Regular - Volumen Medio,21894869,51195,394,55570.73,48.2833,11.5667,"2026-02-15T09:09:59.986872"
Herman-koss Pharmaceutical Ltd,0,Premium - Alto Volumen,22847879,78716,382,59811.2,52.4886,10.5464,"2026-02-15T09:09:59.986872"
Koss-beier,1,Básico - Bajo Volumen,3559628.0,8112,228,15612.4,53.1421,17.6018,"2026-02-15T09:09:59.986872"
Feest-kshlerin Pharmaceutical Ltd,1,Básico - Bajo Volumen,5279427.0,10148,202,26135.78,51.2333,22.7,"2026-02-15T09:09:59.986872"
"Grimes, Jacobs And Durgan Pharm",1,Básico - Bajo Volumen,2234710.0,5276,188,11886.76,51.3667,19.3667,"2026-02-15T09:09:59.986872"
Moore Plc Pharm,2,Regular - Volumen Medio,11902441,26394,338,35214.32,53.55,8.5833,"2026-02-15T09:09:59.986872"
Schulist-zulauf Pharm,1,Básico - Bajo Volumen,2750000.0,6602,194,14175.26,50.1667,19.0,"2026-02-15T09:09:59.986872"
"Yundt, Leuschke And Ward Pharmaceutical Ltd",1,Básico - Bajo Volumen,3029636.0,6990,202,14998.2,52.2453,19.6236,"2026-02-15T09:09:59.986872"
"Funk, Ratke And Heaney Pharma Plc",2,Regular - Volumen Medio,18389838,47525,391,47032.83,51.1814,14.4239,"2026-02-15T09:09:59.986872"
"Nolan, Dubuque And Schultz Pharm",1,Básico - Bajo Volumen,3340911.0,7437,176,18982.45,50.7667,16.2833,"2026-02-15T09:09:59.986872"
Rogahn-klein Pharmacy,1,Básico - Bajo Volumen,2248188.0,5861,212,10604.66,53.3137,17.937,"2026-02-15T09:09:59.986872"
Purdy Ltd Pharm,2,Regular - Volumen Medio,21067265,53455,356,59177.71,51.2719,8.8731,"2026-02-15T09:09:59.986872"
"Roob, Ernser And Kub Pharmacy",2,Regular - Volumen Medio,17801757,45616,398,44728.03,51.5339,9.9356,"2026-02-15T09:09:59.986872"
Osinski-collins Pharma Plc,2,Regular - Volumen Medio,16340013,35532,347,47089.37,52.4,13.0667,"2026-02-15T09:09:59.986872"
Parisian Ltd Pharmacy,2,Regular - Volumen Medio,14496501,39094,364,39825.55,51.4331,14.25,"2026-02-15T09:09:59.986872"
Smith Inc Pharmacy,0,Premium - Alto Volumen,30883015,85900,398,77595.52,48.6483,9.4511,"2026-02-15T09:09:59.986872"
Hill Ltd,1,Básico - Bajo Volumen,3480941.0,10033,210,16575.91,50.2976,18.6766,"2026-02-15T09:09:59.986872"
Kreiger Inc Pharm,2,Regular - Volumen Medio,20581493,67372,390,52773.06,52.1503,10.3593,"2026-02-15T09:09:59.986872"
"Sanford, Franecki And Greenholt Pharmaceutical Ltd",2,Regular - Volumen Medio,20702905,44143,393,52679.15,52.2833,7.4333,"2026-02-15T09:09:59.986872"
Goldner-tillman Pharm,0,Premium - Alto Volumen,37952382,78999,392,96817.3,48.2603,11.4342,"2026-02-15T09:09:59.986872"
Prohaska-kuhic Pharmacy,1,Básico - Bajo Volumen,3100190.0,6790,189,16403.12,49.6667,18.8667,"2026-02-15T09:09:59.986872"
Quigley-heathcote Pharm,2,Regular - Volumen Medio,21760174,54197,354,61469.42,51.4333,7.3333,"2026-02-15T09:09:59.986872"
Schmitt Llc Pharma Plc,2,Regular - Volumen Medio,20679018,48606,385,53711.74,47.6633,9.1753,"2026-02-15T09:09:59.986872"
"Will, Mcglynn And Fritsch Pharmaceutical Ltd",2,Regular - Volumen Medio,14982828,36425,363,41275.01,51.6167,12.3167,"2026-02-15T09:09:59.986872"
Gerlach Llc Pharmacy,2,Regular - Volumen Medio,18252825.25,36016,386,47287.11,50.0876,8.4447,"2026-02-15T09:09:59.986872"
Hermiston And Sons Pharmacy,2,Regular - Volumen Medio,17314615,41352,389,44510.58,50.495,12.1383,"2026-02-15T09:09:59.986872"
Sauer-herzog Pharmaceutical Limited,2,Regular - Volumen Medio,23383747,49768,363,64418.04,51.4833,7.2167,"2026-02-15T09:09:59.986872"
Jast-cruickshank Pharma Plc,1,Básico - Bajo Volumen,3657492.0,8516,204,17928.88,53.1167,23.1667,"2026-02-15T09:09:59.986872"
Ritchie-rodriguez Pharm,1,Básico - Bajo Volumen,4465634.0,8139,208,21469.39,51.9167,22.3833,"2026-02-15T09:09:59.986872"
Schimmel-waelchi Pharmaceutical Ltd,1,Básico - Bajo Volumen,2369033.0,6981,205,11556.26,52.1039,20.6337,"2026-02-15T09:09:59.986872"
"Zieme, Doyle And Kunze Pharmacy",2,Regular - Volumen Medio,15052577,36702,361,41696.89,47.985,8.8233,"2026-02-15T09:09:59.986872"
Pfannerstill Group,2,Regular - Volumen Medio,18480793,49100,399,46317.78,48.7144,8.7375,"2026-02-15T09:09:59.986872"
"Buckridge, Dach And Carroll Pharmaceutical Limited",1,Básico - Bajo Volumen,2604988.0,7953,193,13497.35,52.3333,16.8833,"2026-02-15T09:09:59.986872"
"Heathcote, Grant And Witting Pharm",1,Básico - Bajo Volumen,2985493.0,6468,217,13758.03,49.8225,19.0444,"2026-02-15T09:09:59.986872"
Fahey-prosacco Pharmaceutical Limited,2,Regular - Volumen Medio,24203329,56178,358,67607.06,51.8167,9.8667,"2026-02-15T09:09:59.986872"
Sipes And Sons Pharmaceutical Limited,2,Regular - Volumen Medio,15591034,35608,368,42366.94,51.3333,6.5667,"2026-02-15T09:09:59.986872"
Legros-runte Pharmaceutical Limited,2,Regular - Volumen Medio,16039772.1,37152,370,43350.74,49.1917,9.2244,"2026-02-15T09:09:59.986872"
Sauer-herzog Pharmacy,2,Regular - Volumen Medio,17071358,44858,382,44689.42,53.3667,10.2167,"2026-02-15T09:09:59.986872"
"Rosenbaum, Klein And Herzog",1,Básico - Bajo Volumen,2839495.0,6457,193,14712.41,52.2531,15.9178,"2026-02-15T09:09:59.986872"
Quigley-heathcote Pharmaceutical Ltd,0,Premium - Alto Volumen,28705296,69799,360,79736.93,50.8415,7.2166,"2026-02-15T09:09:59.986872"
"Armstrong, Medhurst And Bogisich Pharmacy",2,Regular - Volumen Medio,15768080,35091,370,42616.43,52.3725,9.9769,"2026-02-15T09:09:59.986872"
D'amore And Sons Pharmacy,2,Regular - Volumen Medio,14311688,41366,412,34737.11,52.6667,8.2386,"2026-02-15T09:09:59.986872"
Gottlieb-koss Pharm,0,Premium - Alto Volumen,31648909,69850,385,82204.96,51.3992,7.1858,"2026-02-15T09:09:59.986872"
Rutherford And Sons Pharm,0,Premium - Alto Volumen,28086817,66364,404,69521.82,52.6906,7.291,"2026-02-15T09:09:59.986872"
"Prohaska, Bogisich And Gutkowski Pharmaceutical Limited",0,Premium - Alto Volumen,37895247,84133,380,99724.33,49.5561,8.6697,"2026-02-15T09:09:59.986872"
Abernathy And Sons Pharmaceutical Limited,2,Regular - Volumen Medio,18855009,46833,389,48470.46,50.0086,8.7756,"2026-02-15T09:09:59.986872"
Leffler-russel Pharmaceutical Limited,2,Regular - Volumen Medio,25742056,54895,413,62329.43,52.6378,13.2036,"2026-02-15T09:09:59.986872"
Streich Plc,0,Premium - Alto Volumen,44711206,104842,352,127020.47,51.5232,6.9253,"2026-02-15T09:09:59.986872"
Franecki Inc Pharma Plc,2,Regular - Volumen Medio,15576093,36779,399,39037.83,51.4458,7.5653,"2026-02-15T09:09:59.986872"
"Kertzmann, Quitzon And Harris",2,Regular - Volumen Medio,20277820,43588,388,52262.42,52.0917,7.6083,"2026-02-15T09:09:59.986872"
"Armstrong, Medhurst And Bogisich Pharmaceutical Ltd",2,Regular - Volumen Medio,20551560,41270,383,53659.43,47.6231,8.2144,"2026-02-15T09:09:59.986872"
"Watsica, Larson And Labadie Pharmaceutical Ltd",0,Premium - Alto Volumen,31173681,64668,392,79524.7,51.3167,6.2833,"2026-02-15T09:09:59.986872"
Predovic Llc Pharmaceutical Ltd,2,Regular - Volumen Medio,18316686,40989,368,49773.6,52.3744,9.7386,"2026-02-15T09:09:59.986872"
Mann-waelchi Pharm,1,Básico - Bajo Volumen,2721037.0,6289,190,14321.25,51.4,19.6833,"2026-02-15T09:09:59.986872"
Marquardt-ryan Pharma Plc,0,Premium - Alto Volumen,34293968,86397,394,87040.53,51.3667,10.8667,"2026-02-15T09:09:59.986872"
"Gerhold, Mills And Effertz Pharma Plc",2,Regular - Volumen Medio,11289126,29935,366,30844.61,52.3247,9.2069,"2026-02-15T09:09:59.986872"
"Harris, Daugherty And Okuneva Pharmaceutical Limited",2,Regular - Volumen Medio,17894050,45517,365,49024.79,51.1636,13.4775,"2026-02-15T09:09:59.986872"
Kohler-bednar Pharm,0,Premium - Alto Volumen,26540165,72757,370,71730.18,50.1781,8.7361,"2026-02-15T09:09:59.986872"
Mraz-kutch Pharma Plc,0,Premium - Alto Volumen,94960728,176405,367,258748.58,50.4367,8.6622,"2026-02-15T09:09:59.986872"
Hane Ltd Pharmaceutical Ltd,2,Regular - Volumen Medio,18642671,43864,363,51357.22,48.45,11.1333,"2026-02-15T09:09:59.986872"
"Barrows, Zboncak And Reichert Pharma Plc",2,Regular - Volumen Medio,11327414,32171,394,28749.78,52.2725,11.855,"2026-02-15T09:09:59.986872"
"Brakus, Rempel And Harber Pharm",2,Regular - Volumen Medio,13415577,34473,389,34487.34,48.8764,9.3978,"2026-02-15T09:09:59.986872"
Pfeffer-hodkiewicz Pharm,2,Regular - Volumen Medio,16159844,41256,369,43793.62,51.0,6.8,"2026-02-15T09:09:59.986872"
Kutch-marks Pharmaceutical Limited,2,Regular - Volumen Medio,20612056,56735,381,54099.88,50.962,8.0064,"2026-02-15T09:09:59.986872"
Roob Plc Pharmaceutical Limited,2,Regular - Volumen Medio,22051935,53538,390,56543.42,50.9167,6.8167,"2026-02-15T09:09:59.986872"
Runte-marquardt Pharmaceutical Ltd,1,Básico - Bajo Volumen,3156790.0,7335,199,15863.27,54.0333,22.5,"2026-02-15T09:09:59.986872"
Bartoletti-altenwerth Pharm,2,Regular - Volumen Medio,13606269,43360,344,39553.11,48.8372,10.0936,"2026-02-15T09:09:59.986872"
"Kuphal, Herzog And Purdy",0,Premium - Alto Volumen,40837620,84910,414,98641.59,52.5167,13.3833,"2026-02-15T09:09:59.986872"
"Wunsch, Mills And Walter Pharm",2,Regular - Volumen Medio,21988591,51455,381,57712.84,51.3658,6.4194,"2026-02-15T09:09:59.986872"
"Mcclure, Zemlak And Dibbert Pharma Plc",1,Básico - Bajo Volumen,3536029.0,9554,189,18709.15,54.3667,18.6333,"2026-02-15T09:09:59.986872"
"Lebsack, Yost And Heller Pharma Plc",2,Regular - Volumen Medio,20034408,43882,375,53425.09,52.2778,7.7167,"2026-02-15T09:09:59.986872"
Upton Plc Pharmaceutical Limited,2,Regular - Volumen Medio,15881618,38218,347,45768.35,51.2167,10.45,"2026-02-15T09:09:59.986872"
"Fritsch, Hodkiewicz And Sipes Pharmacy",2,Regular - Volumen Medio,13741545,34580,358,38384.2,52.2833,11.4167,"2026-02-15T09:09:59.986872"
Kling Inc Pharmaceutical Ltd,1,Básico - Bajo Volumen,4024343.0,8799,202,19922.49,50.9333,21.4,"2026-02-15T09:09:59.986872"
Senger-kirlin Pharmacy,1,Básico - Bajo Volumen,2915681.0,6828,207,14085.42,52.3395,21.1959,"2026-02-15T09:09:59.986872"
Kreiger Inc,2,Regular - Volumen Medio,16106041,40393,330,48806.18,52.45,10.0083,"2026-02-15T09:09:59.986872"
Rohan Inc Pharm,2,Regular - Volumen Medio,20195249,53519,361,55942.52,47.8333,11.1333,"2026-02-15T09:09:59.986872"
"Watsica, Larson And Labadie Pharma Plc",2,Regular - Volumen Medio,17578374,40383,364,48292.24,54.4769,9.0511,"2026-02-15T09:09:59.986872"
Walter Ltd Pharmaceutical Limited,2,Regular - Volumen Medio,13382708.53,30147,352,38019.06,53.5569,13.2608,"2026-02-15T09:09:59.986872"
Paucek Plc,2,Regular - Volumen Medio,17045377,44297,358,47612.78,52.3772,8.6328,"2026-02-15T09:09:59.986872"
Cummings Llc,2,Regular - Volumen Medio,15734547,43748,335,46968.8,48.8,9.8,"2026-02-15T09:09:59.986872"
Kutch-marks Pharm,1,Básico - Bajo Volumen,3226851.0,8383,190,16983.43,51.1333,23.4833,"2026-02-15T09:09:59.986872"
Wehner-stehr,0,Premium - Alto Volumen,33317104,69597,387,86090.71,52.1504,7.3366,"2026-02-15T09:09:59.986872"
Barrows Inc,1,Básico - Bajo Volumen,3185061.0,7362,179,17793.64,52.7333,23.5667,"2026-02-15T09:09:59.986872"
"Blick, Pacocha And Schowalter Pharmaceutical Limited",2,Regular - Volumen Medio,12338528,33559,384,32131.58,51.7667,8.5667,"2026-02-15T09:09:59.986872"
"Crist, Wisoky And Nolan Pharm",2,Regular - Volumen Medio,22894837,51931,369,62045.63,52.0167,8.5333,"2026-02-15T09:09:59.986872"
Fritsch-hauck Pharmaceutical Ltd,2,Regular - Volumen Medio,20085883,42407,359,55949.53,49.4783,10.9903,"2026-02-15T09:09:59.986872"
Funk Plc Pharm,2,Regular - Volumen Medio,17897273.01,41250,404,44300.18,53.0506,8.6317,"2026-02-15T09:09:59.986872"
"Wuckert, Kreiger And Howell Pharma Plc",2,Regular - Volumen Medio,25742112,54353,402,64035.1,51.6667,8.35,"2026-02-15T09:09:59.986872"
"Reynolds, Jast And Mante Pharm",2,Regular - Volumen Medio,20870970,53347,385,54210.31,53.7547,9.6536,"2026-02-15T09:09:59.986872"
"Parker, Green And Emmerich Pharmacy",0,Premium - Alto Volumen,29684914,67095,360,82458.09,52.35,14.55,"2026-02-15T09:09:59.986872"
Abernathy Group,0,Premium - Alto Volumen,24896794,60215,343,72585.41,48.445,8.6911,"2026-02-15T09:09:59.986872"
"Spinka, Schowalter And Conn Pharmaceutical Limited",1,Básico - Bajo Volumen,3746451.0,9481,190,19718.16,50.55,22.7333,"2026-02-15T09:09:59.986872"
"Bernier, Murphy And Rau Pharma Plc",2,Regular - Volumen Medio,16389906,36468,361,45401.4,51.5197,6.3325,"2026-02-15T09:09:59.986872"
Powlowski-buckridge Pharmacy,2,Regular - Volumen Medio,25808994,54991,386,66862.68,48.2119,9.0239,"2026-02-15T09:09:59.986872"
Welch-langworth Pharm,2,Regular - Volumen Medio,13027193,32904,385,33836.86,53.0667,7.4,"2026-02-15T09:09:59.986872"
Zemlak Group Pharmacy,2,Regular - Volumen Medio,12901111.11,32390,390,33079.77,51.1667,7.0833,"2026-02-15T09:09:59.986872"
Kozey-schroeder,1,Básico - Bajo Volumen,2692490.0,6623,210,12821.38,51.05,16.1833,"2026-02-15T09:09:59.986872"
Barton Ltd Pharmaceutical Limited,2,Regular - Volumen Medio,19754034,47231,356,55488.86,52.6256,10.0825,"2026-02-15T09:09:59.986872"
Gleason Plc Pharmaceutical Limited,2,Regular - Volumen Medio,22687944,50155,372,60989.1,50.8167,7.0333,"2026-02-15T09:09:59.986872"
Huels-klein,2,Regular - Volumen Medio,24124479,55911,394,61229.64,52.3203,10.2336,"2026-02-15T09:09:59.986872"
Mckenzie-zemlak Pharma Plc,0,Premium - Alto Volumen,28589463,65111,385,74258.35,51.5347,7.6889,"2026-02-15T09:09:59.986872"
"Effertz, Heaney And Tillman Pharm",2,Regular - Volumen Medio,16955611,49258,389,43587.69,49.0167,12.0833,"2026-02-15T09:09:59.986872"
Crona Plc Pharma Plc,1,Básico - Bajo Volumen,2047523.0,5998,210,9750.11,54.007,15.9875,"2026-02-15T09:09:59.986872"
Mccullough Llc Pharma Plc,1,Básico - Bajo Volumen,3394880.0,8311,203,16723.55,50.8,19.1167,"2026-02-15T09:09:59.986872"
Rowe Plc Pharm,2,Regular - Volumen Medio,21615987,57584,368,58739.1,51.8831,8.5167,"2026-02-15T09:09:59.986872"
Fahey-prosacco Pharmacy,2,Regular - Volumen Medio,19096277,56255,382,49990.25,50.9272,11.5864,"2026-02-15T09:09:59.986872"
Nader-gaylord Pharmacy,2,Regular - Volumen Medio,17631288,42977,365,48304.9,48.9464,9.4306,"2026-02-15T09:09:59.986872"
"Nolan, Dubuque And Schultz Pharmacy",2,Regular - Volumen Medio,18932110,39492,387,48920.18,51.835,10.7853,"2026-02-15T09:09:59.986872"
Torp-fisher,2,Regular - Volumen Medio,24739387,49912,345,71708.37,51.0883,6.5875,"2026-02-15T09:09:59.986872"
Leuschke Plc Pharm,2,Regular - Volumen Medio,12193281,34801,353,34541.87,48.8039,8.3194,"2026-02-15T09:09:59.986872"
Kling Inc,2,Regular - Volumen Medio,15991487,34070,365,43812.29,53.925,9.5164,"2026-02-15T09:09:59.986872"
"Casper, Hyatt And Jakubowski Pharmaceutical Limited",1,Básico - Bajo Volumen,2744906.0,8673,201,13656.25,52.1167,21.2667,"2026-02-15T09:09:59.986872"
West Group Pharmacy,1,Básico - Bajo Volumen,2256304.0,4902,188,12001.62,50.9833,18.2167,"2026-02-15T09:09:59.986872"
Yundt-crona Pharmaceutical Ltd,1,Básico - Bajo Volumen,2667767.0,6032,210,12703.65,52.4272,22.8625,"2026-02-15T09:09:59.986872"
Schmitt Llc Pharm,1,Básico - Bajo Volumen,3326520.0,7868,215,15472.19,50.4738,17.3344,"2026-02-15T09:09:59.986872"
"Gleichner, Bahringer And Morar Pharmaceutical Limited",0,Premium - Alto Volumen,43850926,100466,385,113898.51,48.4028,11.7489,"2026-02-15T09:09:59.986872"
"Buckridge, Dach And Carroll Pharmaceutical Ltd",2,Regular - Volumen Medio,25131902,56179,403,62362.04,51.2589,9.4183,"2026-02-15T09:09:59.986872"
"Nolan, Dubuque And Schultz",2,Regular - Volumen Medio,16614339,39254,427,38909.46,53.1439,8.2139,"2026-02-15T09:09:59.986872"
Durgan-rice Pharmacy,2,Regular - Volumen Medio,18102752,40434,388,46656.58,51.0964,6.84,"2026-02-15T09:09:59.986872"
Kozey-emmerich Pharmacy,2,Regular - Volumen Medio,24732385,53042,378,65429.59,47.7667,10.6167,"2026-02-15T09:09:59.986872"
Friesen Group,2,Regular - Volumen Medio,17605955,46686,382,46088.89,50.55,10.4167,"2026-02-15T09:09:59.986872"
Raynor Llc Pharmaceutical Limited,0,Premium - Alto Volumen,27333433,79109,352,77651.8,52.5808,13.8814,"2026-02-15T09:09:59.986872"
Herman-koss Pharm,1,Básico - Bajo Volumen,3426220.0,9985,200,17131.1,51.7877,14.9724,"2026-02-15T09:09:59.986872"
Stanton-cole,1,Básico - Bajo Volumen,3577304.0,7179,181,19764.11,51.9528,20.1417,"2026-02-15T09:09:59.986872"
"Erdman, Senger And Oberbrunner Pharm",1,Básico - Bajo Volumen,4226816.0,8431,201,21028.94,51.7667,20.25,"2026-02-15T09:09:59.986872"
"Towne, Cummerata And Blanda Pharm",1,Básico - Bajo Volumen,4481490.0,10343,176,25463.01,51.757,18.083,"2026-02-15T09:09:59.986872"
Cassin Plc Pharmaceutical Limited,2,Regular - Volumen Medio,23372164,52818,400,58430.41,51.2,11.9667,"2026-02-15T09:09:59.986872"
Hill Ltd Pharma Plc,2,Regular - Volumen Medio,14225085,29010,338,42086.05,52.3961,9.5981,"2026-02-15T09:09:59.986872"
Walter Ltd,1,Básico - Bajo Volumen,2232319.0,6419,189,11811.21,54.0833,21.3833,"2026-02-15T09:09:59.986872"
"Hansen, Fadel And Schroeder Pharma Plc",2,Regular - Volumen Medio,17951853,47721,392,45795.54,52.4231,10.7872,"2026-02-15T09:09:59.986872"
Rutherford And Sons Pharmaceutical Ltd,2,Regular - Volumen Medio,19886727,51454,397,50092.51,51.0493,13.7384,"2026-02-15T09:09:59.986872"
"Heathcote, Grant And Witting Pharmacy",0,Premium - Alto Volumen,29251537,72889,353,82865.54,52.2692,10.5211,"2026-02-15T09:09:59.986872"
Bosco-marquardt Pharm,1,Básico - Bajo Volumen,3121865.0,8121,193,16175.47,54.55,17.75,"2026-02-15T09:09:59.986872"
Wolff Group Pharm,1,Básico - Bajo Volumen,2712648.0,6970,202,13428.95,51.95,14.7333,"2026-02-15T09:09:59.986872"
Rohan Inc Pharmaceutical Limited,2,Regular - Volumen Medio,22653010,47190,381,59456.72,49.4444,11.8483,"2026-02-15T09:09:59.986872"
"Blick, Pacocha And Schowalter",1,Básico - Bajo Volumen,4864351.0,15106,223,21813.23,52.7958,18.2611,"2026-02-15T09:09:59.986872"
"Kshlerin, Ryan And Leuschke",2,Regular - Volumen Medio,17012687,41053,417,40797.81,51.6839,6.1619,"2026-02-15T09:09:59.986872"
Hermiston And Sons Pharmaceutical Ltd,2,Regular - Volumen Medio,16798569,41407,396,42420.63,48.6244,9.8306,"2026-02-15T09:09:59.986872"
"Bogan, Jacobs And Kris Pharmaceutical Ltd",0,Premium - Alto Volumen,31102834,60747,374,83162.66,49.6415,8.645,"2026-02-15T09:09:59.986872"
Mills Inc Pharmacy,2,Regular - Volumen Medio,24806789,60095,379,65453.27,53.1153,8.7975,"2026-02-15T09:09:59.986872"
Breitenberg-kuhn,2,Regular - Volumen Medio,14678573,45384,367,39996.11,51.4322,6.7611,"2026-02-15T09:09:59.986872"
Rutherford And Sons,1,Básico - Bajo Volumen,4473580.0,9722,206,21716.41,54.5189,18.5319,"2026-02-15T09:09:59.986872"
Sauer And Sons Pharmaceutical Limited,1,Básico - Bajo Volumen,2973002.0,8648,207,14362.33,49.6953,22.0194,"2026-02-15T09:09:59.986872"
Abernathy Group Pharmacy,0,Premium - Alto Volumen,34949548,83982,380,91972.49,52.2031,8.3361,"2026-02-15T09:09:59.986872"
Stanton-cole Pharmacy,2,Regular - Volumen Medio,19072327,46636,391,48778.33,50.8,6.4833,"2026-02-15T09:09:59.986872"
Hane Ltd,2,Regular - Volumen Medio,21427576.24,57249,394,54384.71,48.6267,9.3353,"2026-02-15T09:09:59.986872"
Leannon-west Pharmaceutical Limited,0,Premium - Alto Volumen,25912222,53334,364,71187.42,51.8333,6.6167,"2026-02-15T09:09:59.986872"
Mraz Group Pharmacy,1,Básico - Bajo Volumen,3906178.0,8331,210,18600.85,52.1833,20.85,"2026-02-15T09:09:59.986872"
Ward Group Pharmaceutical Limited,1,Básico - Bajo Volumen,4784471.0,9649,184,26002.56,50.3,18.7833,"2026-02-15T09:09:59.986872"
Dach Ltd Pharma Plc,2,Regular - Volumen Medio,21093098,60917,405,52081.72,49.0167,8.4,"2026-02-15T09:09:59.986872"
Crona Plc Pharmacy,2,Regular - Volumen Medio,15677673,36039,374,41918.91,50.8167,6.2833,"2026-02-15T09:09:59.986872"
Veum And Sons Pharmaceutical Ltd,0,Premium - Alto Volumen,26373611,59546,400,65934.03,51.66,6.9642,"2026-02-15T09:09:59.986872"
Leuschke Plc Pharmacy,1,Básico - Bajo Volumen,5065140.0,9809,184,27527.93,52.8817,20.6106,"2026-02-15T09:09:59.986872"
Zemlak-witting Pharmaceutical Limited,2,Regular - Volumen Medio,12011257,32910,362,33180.27,51.2128,7.8715,"2026-02-15T09:09:59.986872"
"Leuschke, Waters And Schowalter Pharma Plc",2,Regular - Volumen Medio,20434899,48289,390,52397.18,50.8667,6.1,"2026-02-15T09:09:59.986872"
Hayes-kilback Pharmaceutical Limited,0,Premium - Alto Volumen,37198644,76617,375,99196.38,52.2167,9.55,"2026-02-15T09:09:59.986872"
Marquardt-ryan Pharmaceutical Ltd,1,Básico - Bajo Volumen,3453653.0,7556,174,19848.58,54.2167,21.75,"2026-02-15T09:09:59.986872"
Rohan Inc,1,Básico - Bajo Volumen,3922267.0,10189,206,19040.13,51.2667,15.9333,"2026-02-15T09:09:59.986872"
"Nitzsche, Effertz And Maggio",0,Premium - Alto Volumen,25558269,70444,407,62796.73,49.9481,11.5783,"2026-02-15T09:09:59.986872"
Vandervort Llc Pharm,2,Regular - Volumen Medio,14921823,36406,379,39371.56,53.6008,9.4764,"2026-02-15T09:09:59.986872"
"Kuphal, D'amore And Bode Pharm",0,Premium - Alto Volumen,28276301,54167,403,70164.52,50.9422,6.9578,"2026-02-15T09:09:59.986872"
Veum And Sons Pharmaceutical Limited,0,Premium - Alto Volumen,26874199,58451,389,69085.34,48.0528,10.8689,"2026-02-15T09:09:59.986872"
Graham And Sons Pharmacy,1,Básico - Bajo Volumen,2682005.0,6142,201,13343.31,51.7833,21.2,"2026-02-15T09:09:59.986872"
"Kub, Von And Herzog Pharmacy",1,Básico - Bajo Volumen,3602060.0,9070,191,18858.95,51.8,16.3,"2026-02-15T09:09:59.986872"
Mraz-kutch Pharm,1,Básico - Bajo Volumen,2257663.0,5543,197,11460.22,50.0897,19.0928,"2026-02-15T09:09:59.986872"
Medhurst-beer Pharm,0,Premium - Alto Volumen,29173354,63010,366,79708.62,49.538,8.5792,"2026-02-15T09:09:59.986872"
Stehr-champlin Pharmacy,0,Premium - Alto Volumen,37693404,90366,369,102150.15,52.8331,13.8331,"2026-02-15T09:09:59.986872"
Turner Ltd Pharmacy,0,Premium - Alto Volumen,23430972,91747,368,63671.12,51.5139,7.4653,"2026-02-15T09:09:59.986872"
Graham And Sons Pharma Plc,2,Regular - Volumen Medio,19043468,47270,373,51054.87,50.8117,10.2333,"2026-02-15T09:09:59.986872"
"Hahn, Rutherford And Gislason Pharm",2,Regular - Volumen Medio,12580267,35630,377,33369.41,50.1,11.4333,"2026-02-15T09:09:59.986872"
Murray Plc Pharma Plc,2,Regular - Volumen Medio,21457803,51349,401,53510.73,53.5089,10.2483,"2026-02-15T09:09:59.986872"
Lockman-welch Pharm,1,Básico - Bajo Volumen,2836328.0,6989,191,14849.88,50.347,18.923,"2026-02-15T09:09:59.986872"
Okuneva-corkery Pharma Plc,2,Regular - Volumen Medio,17506958,45107,356,49176.85,50.7592,7.005,"2026-02-15T09:09:59.986872"
Schaefer-rolfson Pharmacy,0,Premium - Alto Volumen,26749756,64350,407,65724.22,49.2167,8.3667,"2026-02-15T09:09:59.986872"
Hayes-kilback Pharma Plc,0,Premium - Alto Volumen,20485704,91997,391,52393.1,51.3967,8.0644,"2026-02-15T09:09:59.986872"
"Effertz, Heaney And Tillman Pharmaceutical Ltd",1,Básico - Bajo Volumen,3428575.0,8113,213,16096.6,50.2,19.275,"2026-02-15T09:09:59.986872"
Roob Plc,1,Básico - Bajo Volumen,4389986.0,8889,188,23350.99,52.25,15.5333,"2026-02-15T09:09:59.986872"
Mccullough Llc Pharmaceutical Ltd,0,Premium - Alto Volumen,26109853,60607,361,72326.46,51.9833,8.8,"2026-02-15T09:09:59.986872"
Konopelski-blick,2,Regular - Volumen Medio,12381505,31527,369,33554.21,50.9917,7.1367,"2026-02-15T09:09:59.986872"
Koss Ltd Pharma Plc,2,Regular - Volumen Medio,18771689,48603,396,47403.26,48.6333,12.5,"2026-02-15T09:09:59.986872"
Abernathy Group Pharmaceutical Limited,1,Básico - Bajo Volumen,2076847.0,5474,218,9526.82,49.9667,20.6167,"2026-02-15T09:09:59.986872"
"Hansen, Fadel And Schroeder Pharm",1,Básico - Bajo Volumen,2251428.0,5456,208,10824.17,52.5333,17.6,"2026-02-15T09:09:59.986872"
"Bernier, Murphy And Rau Pharmaceutical Limited",0,Premium - Alto Volumen,25873768,67361,388,66684.97,51.4699,6.8514,"2026-02-15T09:09:59.986872"
Buckridge-davis Pharmaceutical Ltd,2,Regular - Volumen Medio,18064626,40289,400,45161.57,51.5426,7.219,"2026-02-15T09:09:59.986872"
Emard-o'connell Pharmacy,1,Básico - Bajo Volumen,3676008.0,8506,195,18851.32,49.2994,19.9519,"2026-02-15T09:09:59.986872"
"Rosenbaum, Klein And Herzog Pharmaceutical Ltd",2,Regular - Volumen Medio,14610503,37316,372,39275.55,48.1778,11.2556,"2026-02-15T09:09:59.986872"
Breitenberg-kuhn Pharma Plc,2,Regular - Volumen Medio,19221879,44848,360,53394.11,52.8478,8.0439,"2026-02-15T09:09:59.986872"
Lockman Ltd Pharm,2,Regular - Volumen Medio,14738465,35485,384,38381.42,51.25,6.9667,"2026-02-15T09:09:59.986872"
"Roob, Ernser And Kub Pharmaceutical Limited",1,Básico - Bajo Volumen,4206718.0,8640,191,22024.7,54.0833,22.9333,"2026-02-15T09:09:59.986872"
Mckenzie-zemlak Pharm,2,Regular - Volumen Medio,17701767.8,47954,412,42965.46,50.6256,6.9491,"2026-02-15T09:09:59.986872"
Will And Sons Pharmacy,2,Regular - Volumen Medio,21701915,50965,380,57110.3,50.6106,10.6931,"2026-02-15T09:09:59.986872"
Reinger Group Pharmaceutical Limited,2,Regular - Volumen Medio,19792575,44300,376,52639.83,53.6333,11.4167,"2026-02-15T09:09:59.986872"
"Daniel, Baumbach And Nitzsche Pharmacy",2,Regular - Volumen Medio,14954045.51,40165,365,40969.99,47.7333,10.3167,"2026-02-15T09:09:59.986872"
"Hills, Stroman And Ernser Pharmaceutical Ltd",2,Regular - Volumen Medio,15513070,40181,370,41927.22,50.8961,14.8072,"2026-02-15T09:09:59.986872"
"Leuschke, Waters And Schowalter Pharmaceutical Ltd",1,Básico - Bajo Volumen,4074497.0,8537,203,20071.41,50.4751,17.9654,"2026-02-15T09:09:59.986872"
Funk And Sons Pharmacy,0,Premium - Alto Volumen,27714048.6,69106,380,72931.71,48.35,10.9833,"2026-02-15T09:09:59.986872"
Haley Plc Pharmacy,2,Regular - Volumen Medio,23517530,55977,368,63906.33,51.3158,9.4979,"2026-02-15T09:09:59.986872"
Jakubowski Inc Pharmaceutical Limited,1,Básico - Bajo Volumen,4783310.0,9672,225,21259.16,51.2667,15.5667,"2026-02-15T09:09:59.986872"
"Gleichner, Bahringer And Morar Pharma Plc",1,Básico - Bajo Volumen,3311225.0,9548,216,15329.75,52.4167,19.4667,"2026-02-15T09:09:59.986872"
Schaden-hirthe,2,Regular - Volumen Medio,13955278,36961,348,40101.37,49.4447,7.7689,"2026-02-15T09:09:59.986872"
"Johnson, Friesen And Torphy Pharm",2,Regular - Volumen Medio,12724248,34449,370,34389.86,47.7831,9.6114,"2026-02-15T09:09:59.986872"
Buckridge-strosin Pharma Plc,0,Premium - Alto Volumen,30574926,69430,407,75122.67,52.9222,12.8,"2026-02-15T09:09:59.986872"
Botsford Plc,2,Regular - Volumen Medio,25272498,62339,413,61192.49,48.4833,9.2167,"2026-02-15T09:09:59.986872"
Kihn Group Pharm,2,Regular - Volumen Medio,11356466,29055,374,30364.88,48.9328,8.9564,"2026-02-15T09:09:59.986872"
"Denesik, Walter And Beatty Pharmacy",2,Regular - Volumen Medio,15714692,38911,399,39385.19,52.2997,13.2667,"2026-02-15T09:09:59.986872"
"Wunsch, Mills And Walter",1,Básico - Bajo Volumen,2755768.0,6964,204,13508.67,50.8725,20.6319,"2026-02-15T09:09:59.986872"
"Beahan, Littel And Ondricka Pharma Plc",2,Regular - Volumen Medio,17901989,43409,363,49316.77,52.85,11.15,"2026-02-15T09:09:59.986872"
"Kuphal, D'amore And Bode Pharmacy",2,Regular - Volumen Medio,15427026,41237,413,37353.57,50.8207,6.9786,"2026-02-15T09:09:59.986872"
Reilly Ltd Pharmacy,0,Premium - Alto Volumen,34810614,71504,421,82685.54,48.7133,9.0028,"2026-02-15T09:09:59.986872"
"Cormier, Dietrich And Zulauf Pharmacy",0,Premium - Alto Volumen,28480326,68006,386,73783.23,51.3081,13.2939,"2026-02-15T09:09:59.986872"
Kunze Plc Pharm,1,Básico - Bajo Volumen,3499849.0,9067,212,16508.72,54.4167,16.4167,"2026-02-15T09:09:59.986872"
Osinski-collins Pharmaceutical Ltd,1,Básico - Bajo Volumen,3884228.0,8814,211,18408.66,54.1667,19.4,"2026-02-15T09:09:59.986872"
Schaefer Group Pharmaceutical Limited,1,Básico - Bajo Volumen,2988371.0,8484,206,14506.66,49.7167,18.8167,"2026-02-15T09:09:59.986872"
Crona Group,2,Regular - Volumen Medio,15205202.5,37000,375,40547.21,51.2556,6.3917,"2026-02-15T09:09:59.986872"
Rowe Plc Pharmaceutical Ltd,1,Básico - Bajo Volumen,2267459.0,6516,202,11225.04,49.8821,19.2233,"2026-02-15T09:09:59.986872"
Crist Inc Pharma Plc,2,Regular - Volumen Medio,14207588,32897,378,37586.21,51.1881,10.0528,"2026-02-15T09:09:59.986872"
"Spinka, Schowalter And Conn Pharma Plc",0,Premium - Alto Volumen,28892241,87931,381,75832.65,48.1214,7.8492,"2026-02-15T09:09:59.986872"
"Casper, Hyatt And Jakubowski Pharmaceutical Ltd",2,Regular - Volumen Medio,24673171,52690,393,62781.61,48.7333,11.1833,"2026-02-15T09:09:59.986872"
"Block, Thiel And Kuphal Pharmaceutical Limited",2,Regular - Volumen Medio,17205310,43803,379,45396.6,48.8975,9.1919,"2026-02-15T09:09:59.986872"
Trantow Llc Pharmacy,2,Regular - Volumen Medio,24570584,57667,383,64152.96,49.1994,8.1231,"2026-02-15T09:09:59.986872"
Emard-o'connell Pharmaceutical Ltd,2,Regular - Volumen Medio,20637874,46831,398,51853.95,51.5833,6.25,"2026-02-15T09:09:59.986872"
"Kutch, Daniel And Ortiz Pharm",2,Regular - Volumen Medio,16881117,38243,344,49073.01,51.0333,7.5667,"2026-02-15T09:09:59.986872"
Heller-abernathy,1,Básico - Bajo Volumen,4397614.0,10134,208,21142.38,51.273,16.7081,"2026-02-15T09:09:59.986872"
Zemlak Group Pharmaceutical Limited,1,Básico - Bajo Volumen,2224543.0,6627,214,10395.06,54.1903,16.1817,"2026-02-15T09:09:59.986872"
Durgan-rice Pharmaceutical Ltd,2,Regular - Volumen Medio,20004835.98,47331,381,52506.13,51.1167,7.0167,"2026-02-15T09:09:59.986872"
"Kub, Von And Herzog Pharmaceutical Limited",2,Regular - Volumen Medio,19619622,57773,368,53314.19,48.4633,8.4111,"2026-02-15T09:09:59.986872"
Mann-waelchi Pharma Plc,2,Regular - Volumen Medio,17685944,38618,420,42109.39,48.3984,9.9916,"2026-02-15T09:09:59.986872"
Crist Inc,1,Básico - Bajo Volumen,5129466.0,11769,211,24310.27,49.5625,20.6364,"2026-02-15T09:09:59.986872"
"Runolfsson, Swaniawski And Jaskolski Pharmacy",1,Básico - Bajo Volumen,3041245.0,7628,214,14211.43,51.6,18.75,"2026-02-15T09:09:59.986872"
"Wuckert, Kreiger And Howell",2,Regular - Volumen Medio,17900822,44994,399,44864.22,49.7019,7.3253,"2026-02-15T09:09:59.986872"
Nader-gaylord Pharmaceutical Ltd,1,Básico - Bajo Volumen,6199607.0,14118,227,27311.04,51.7769,19.4547,"2026-02-15T09:09:59.986872"
Erdman Plc,2,Regular - Volumen Medio,19480307,45396,361,53962.07,51.8297,9.4483,"2026-02-15T09:09:59.986872"
Mayert-weber,2,Regular - Volumen Medio,15921539,41389,371,42915.2,49.3167,7.3333,"2026-02-15T09:09:59.986872"
Skiles-mckenzie Pharmacy,2,Regular - Volumen Medio,18814026,49466,401,46917.77,50.0189,8.6961,"2026-02-15T09:09:59.986872"
"Parisian, Hagenes And Skiles Pharmacy",2,Regular - Volumen Medio,14281319,38084,346,41275.49,53.4769,9.7011,"2026-02-15T09:09:59.986872"
"Hirthe, Williamson And Macejkovic Pharmacy",2,Regular - Volumen Medio,19648155,58816,381,51569.96,48.5397,12.1508,"2026-02-15T09:09:59.986872"
Koss-beier Pharmaceutical Limited,2,Regular - Volumen Medio,12916383,37397,389,33204.07,48.8572,8.2031,"2026-02-15T09:09:59.986872"
Block-romaguera,2,Regular - Volumen Medio,21559013,65506,401,53763.12,51.1906,7.2247,"2026-02-15T09:09:59.986872"
"Heathcote, Grant And Witting Pharmaceutical Limited",2,Regular - Volumen Medio,22248647,53240,389,57194.47,48.2731,8.8506,"2026-02-15T09:09:59.986872"
"Koelpin, Luettgen And Abernathy Pharmacy",2,Regular - Volumen Medio,18722409,46226,381,49140.18,51.2667,7.1833,"2026-02-15T09:09:59.986872"
Feest Plc Pharmaceutical Limited,2,Regular - Volumen Medio,22466553,49729,374,60071.0,48.7025,9.6528,"2026-02-15T09:09:59.986872"
Veum-kerluke Pharma Plc,2,Regular - Volumen Medio,15787522,34010,387,40794.63,53.8925,11.465,"2026-02-15T09:09:59.986872"
Buckridge-strosin Pharmaceutical Limited,1,Básico - Bajo Volumen,2711952.0,6728,183,14819.41,52.1667,20.8,"2026-02-15T09:09:59.986872"
Trantow Llc Pharma Plc,1,Básico - Bajo Volumen,3764481.0,7913,180,20913.78,54.3833,19.8333,"2026-02-15T09:09:59.986872"
Dach Ltd Pharm,2,Regular - Volumen Medio,17046390,47368,394,43264.95,49.3167,6.75,"2026-02-15T09:09:59.986872"
Marquardt-ryan Pharm,2,Regular - Volumen Medio,12806700,28829,413,31008.96,50.6833,7.1833,"2026-02-15T09:09:59.986872"
Fritsch Llc Pharm,2,Regular - Volumen Medio,18973781,44006,386,49154.87,48.0981,9.7886,"2026-02-15T09:09:59.986872"
Wolff Group Pharmaceutical Ltd,2,Regular - Volumen Medio,14495611,40465,380,38146.34,50.8744,6.1615,"2026-02-15T09:09:59.986872"
Purdy Ltd Pharmaceutical Limited,1,Básico - Bajo Volumen,5462090.0,13366,187,29209.04,50.3131,17.3742,"2026-02-15T09:09:59.986872"
Walsh-brown Pharmacy,1,Básico - Bajo Volumen,4513004.0,8749,196,23025.53,50.3,18.95,"2026-02-15T09:09:59.986872"
"Romaguera, Moen And Hagenes Pharmacy",0,Premium - Alto Volumen,42288313.97,91789,409,103394.41,51.55,7.3167,"2026-02-15T09:09:59.986872"
Boyer And Sons Pharmaceutical Limited,1,Básico - Bajo Volumen,6562931.0,14962,227,28911.59,53.2667,16.4667,"2026-02-15T09:09:59.986872"
"Lebsack, Yost And Heller Pharmaceutical Limited",1,Básico - Bajo Volumen,3202261.0,7337,201,15931.65,49.9894,20.0661,"2026-02-15T09:09:59.986872"
"Upton, Abernathy And Goodwin Pharmaceutical Ltd",1,Básico - Bajo Volumen,2966796.0,7643,216,13735.17,50.0162,22.6778,"2026-02-15T09:09:59.986872"
Mcdermott Group Pharmacy,2,Regular - Volumen Medio,15580333,41373,386,40363.56,48.8014,9.0131,"2026-02-15T09:09:59.986872"
Fadel-west Pharmacy,0,Premium - Alto Volumen,40480292,86347,359,112758.47,48.8264,9.0667,"2026-02-15T09:09:59.986872"
Nader-borer Pharm,0,Premium - Alto Volumen,25562943,69072,395,64716.31,50.8719,6.6961,"2026-02-15T09:09:59.986872"
Powlowski-buckridge,2,Regular - Volumen Medio,21989371,52199,376,58482.37,51.3614,7.244,"2026-02-15T09:09:59.986872"
Carter-conn Pharm,2,Regular - Volumen Medio,18451988,47836,369,50005.39,52.0277,8.9043,"2026-02-15T09:09:59.986872"
Bashirian Group Pharmacy,2,Regular - Volumen Medio,18675262,57130,360,51875.73,52.2031,8.0447,"2026-02-15T09:09:59.986872"
Hermiston Llc Pharm,2,Regular - Volumen Medio,15458697,53765,355,43545.63,51.4592,6.6197,"2026-02-15T09:09:59.986872"
Koss Ltd Pharmaceutical Limited,1,Básico - Bajo Volumen,6358173.0,13787,199,31950.62,51.1167,15.5833,"2026-02-15T09:09:59.986872"
Kris Llc Pharmacy,2,Regular - Volumen Medio,18508326,40367,355,52136.13,51.8958,11.0467,"2026-02-15T09:09:59.986872"
"Mcclure, Zemlak And Dibbert Pharmacy",2,Regular - Volumen Medio,13342493,38568,353,37797.43,51.7558,8.0408,"2026-02-15T09:09:59.986872"
"Kilback, Beer And Batz",2,Regular - Volumen Medio,23590659,53208,362,65167.57,51.3,6.85,"2026-02-15T09:09:59.986872"
Miller-satterfield Pharm,2,Regular - Volumen Medio,16893764,43998,376,44930.22,51.0631,6.0964,"2026-02-15T09:09:59.986872"
"Runolfsson, Swaniawski And Jaskolski Pharmaceutical Limited",0,Premium - Alto Volumen,36601574,74699,378,96829.56,51.8333,12.2333,"2026-02-15T09:09:59.986872"
"Nitzsche, Effertz And Maggio Pharmacy",1,Básico - Bajo Volumen,5222450.0,12734,223,23419.06,54.0285,19.0444,"2026-02-15T09:09:59.986872"
"Paucek, Keeling And Bruen Pharm",1,Básico - Bajo Volumen,2832247.0,6377,189,14985.43,51.3,22.8833,"2026-02-15T09:09:59.986872"
Fadel-west Pharmaceutical Ltd,0,Premium - Alto Volumen,36825582,85521,360,102293.28,48.6667,9.2167,"2026-02-15T09:09:59.986872"
Armstrong Inc Pharm,2,Regular - Volumen Medio,24640114,49506,357,69019.93,48.5333,11.5167,"2026-02-15T09:09:59.986872"
Mante-grady Pharmaceutical Ltd,2,Regular - Volumen Medio,16377789,37560,366,44748.06,52.3077,9.8133,"2026-02-15T09:09:59.986872"
"Yundt, Leuschke And Ward Pharma Plc",2,Regular - Volumen Medio,18511550,43362,344,53812.65,52.0794,7.0134,"2026-02-15T09:09:59.986872"
D'amore And Sons,1,Básico - Bajo Volumen,2651541.0,7062,208,12747.79,52.8,17.2,"2026-02-15T09:09:59.986872"
Osinski-collins,0,Premium - Alto Volumen,27981121,52070,368,76035.65,47.5611,7.7917,"2026-02-15T09:09:59.986872"
Wehner-stehr Pharm,2,Regular - Volumen Medio,14047697,35737,376,37360.9,50.8333,12.9167,"2026-02-15T09:09:59.986872"
"Herman, Rice And Rippin Pharmaceutical Limited",0,Premium - Alto Volumen,27853041,90392,387,71971.68,48.8,9.5333,"2026-02-15T09:09:59.986872"
Kuhic Llc Pharmaceutical Limited,2,Regular - Volumen Medio,12009768.78,29097,399,30099.67,52.2125,7.0417,"2026-02-15T09:09:59.986872"
Schaefer Llc Pharma Plc,2,Regular - Volumen Medio,14659957,36657,355,41295.65,52.6,11.85,"2026-02-15T09:09:59.986872"
Reilly Ltd,1,Básico - Bajo Volumen,3626661.0,8418,185,19603.57,53.1167,20.3667,"2026-02-15T09:09:59.986872"
Gerlach Llc Pharma Plc,2,Regular - Volumen Medio,15187729,38648,400,37969.32,51.5603,13.0056,"2026-02-15T09:09:59.986872"
Feest-kshlerin,2,Regular - Volumen Medio,13549790,35575,391,34654.19,51.34,7.0416,"2026-02-15T09:09:59.986872"
"Koch, Borer And Hagenes Pharm",0,Premium - Alto Volumen,26945028,52115,374,72045.53,48.8303,9.3169,"2026-02-15T09:09:59.986872"
"Reynolds, Jast And Mante",2,Regular - Volumen Medio,21728463,52387,407,53386.89,48.6314,8.0739,"2026-02-15T09:09:59.986872"
Hayes-kilback Pharmaceutical Ltd,1,Básico - Bajo Volumen,3958409.0,9363,215,18411.2,51.6333,15.1333,"2026-02-15T09:09:59.986872"
Dach Plc,2,Regular - Volumen Medio,21995062,46337,363,60592.46,48.8353,12.9644,"2026-02-15T09:09:59.986872"
Leuschke Plc Pharmaceutical Ltd,2,Regular - Volumen Medio,17505371,47439,372,47057.45,49.6319,8.3653,"2026-02-15T09:09:59.986872"
"Parker, Green And Emmerich Pharma Plc",0,Premium - Alto Volumen,64914607,132122,396,163925.78,50.9,6.1833,"2026-02-15T09:09:59.986872"
Steuber Ltd Pharmaceutical Limited,2,Regular - Volumen Medio,17603217,40137,364,48360.49,51.3021,7.3425,"2026-02-15T09:09:59.986872"
Mante-grady Pharma Plc,2,Regular - Volumen Medio,18650360,52341,379,49209.39,47.5142,10.2817,"2026-02-15T09:09:59.986872"
Runolfsson-halvorson Pharmacy,2,Regular - Volumen Medio,17396093,42596,393,44264.87,51.6167,7.2,"2026-02-15T09:09:59.986872"
Buckridge Inc Pharm,2,Regular - Volumen Medio,18812294,44187,366,51399.71,50.8333,6.9,"2026-02-15T09:09:59.986872"
Kuhic Llc,2,Regular - Volumen Medio,17677973,43283,369,47907.79,54.5153,9.5697,"2026-02-15T09:09:59.986872"
Runte-marquardt Pharmacy,2,Regular - Volumen Medio,21348308,50114,353,60476.79,50.2206,8.2692,"2026-02-15T09:09:59.986872"
"Kertzmann, Quitzon And Harris Pharma Plc",1,Básico - Bajo Volumen,2815982.0,6327,191,14743.36,54.0504,21.1458,"2026-02-15T09:09:59.986872"
"Pfannerstill, Upton And Balistreri Pharmacy",2,Regular - Volumen Medio,18070265,45369,355,50902.15,48.5667,10.4667,"2026-02-15T09:09:59.986872"
"Koelpin, Luettgen And Abernathy Pharmaceutical Ltd",2,Regular - Volumen Medio,20790434,51261,404,51461.47,49.9896,8.5661,"2026-02-15T09:09:59.986872"
"Yundt, Leuschke And Ward",2,Regular - Volumen Medio,16130184,40210,402,40124.84,49.9869,6.8897,"2026-02-15T09:09:59.986872"
Doyle-tillman Pharm,2,Regular - Volumen Medio,18288860,38867,371,49296.12,50.8167,6.7667,"2026-02-15T09:09:59.986872"
Ondricka Ltd,2,Regular - Volumen Medio,16360378,47066,359,45572.08,50.6506,11.3542,"2026-02-15T09:09:59.986872"
Schimmel-waelchi Pharmaceutical Limited,2,Regular - Volumen Medio,18446869,40140,412,44773.95,48.2,11.3167,"2026-02-15T09:09:59.986872"
Terry-kub Pharmaceutical Ltd,2,Regular - Volumen Medio,18895655,42460,393,48080.55,51.1333,6.2667,"2026-02-15T09:09:59.986872"
"Blick, Pacocha And Schowalter Pharmacy",2,Regular - Volumen Medio,12215365,35146,379,32230.51,49.7944,9.9294,"2026-02-15T09:09:59.986872"
Fahey-flatley Pharmaceutical Ltd,2,Regular - Volumen Medio,21842438,62591,402,54334.42,52.9647,10.5658,"2026-02-15T09:09:59.986872"
Keeling Llc Pharmaceutical Limited,2,Regular - Volumen Medio,26673649,56192,413,64585.11,51.5167,7.1,"2026-02-15T09:09:59.986872"
"Hahn, Rutherford And Gislason Pharmaceutical Limited",1,Básico - Bajo Volumen,2342717.0,6676,199,11772.45,50.15,18.8333,"2026-02-15T09:09:59.986872"
Jacobs-jones Pharma Plc,2,Regular - Volumen Medio,19085842,51561,377,50625.58,53.0631,14.2831,"2026-02-15T09:09:59.986872"
Marquardt Plc,2,Regular - Volumen Medio,18755050,47685,391,47966.88,51.3881,7.395,"2026-02-15T09:09:59.986872"
Ritchie-rodriguez Pharmacy,2,Regular - Volumen Medio,17244018,50694,394,43766.54,52.1146,8.6734,"2026-02-15T09:09:59.986872"
"Zieme, Doyle And Kunze Pharm",0,Premium - Alto Volumen,25305594,57662,367,68952.57,48.7761,9.1775,"2026-02-15T09:09:59.986872"
"Hirthe, Williamson And Macejkovic",2,Regular - Volumen Medio,20687984,76593,409,50581.87,49.3236,12.0993,"2026-02-15T09:09:59.986872"
"Koch, Borer And Hagenes Pharmaceutical Ltd",2,Regular - Volumen Medio,17928083,46090,396,45272.94,49.5103,11.2772,"2026-02-15T09:09:59.986872"
"Sanford, Franecki And Greenholt Pharma Plc",2,Regular - Volumen Medio,19920722,48309,369,53985.7,51.6167,7.3833,"2026-02-15T09:09:59.986872"
Mante-grady Pharm,1,Básico - Bajo Volumen,3552256.0,9169,211,16835.34,50.1556,23.123,"2026-02-15T09:09:59.986872"
"Beer, Kohler And Beatty Pharmacy",2,Regular - Volumen Medio,20519159,52171,380,53997.79,50.0715,8.8482,"2026-02-15T09:09:59.986872"
"Erdman, Senger And Oberbrunner Pharmacy",2,Regular - Volumen Medio,22021951,59531,395,55751.77,48.8772,12.5758,"2026-02-15T09:09:59.986872"
"Torphy, Pfeffer And Jakubowski Pharm",0,Premium - Alto Volumen,41657833,86228,378,110205.91,50.3833,8.0667,"2026-02-15T09:09:59.986872"
Beier Plc Pharm,2,Regular - Volumen Medio,25482807.41,61364,419,60818.16,51.0608,6.2197,"2026-02-15T09:09:59.986872"
Turner Ltd,2,Regular - Volumen Medio,18833730,48681,372,50628.31,52.2167,8.9333,"2026-02-15T09:09:59.986872"
Vandervort Llc Pharma Plc,1,Básico - Bajo Volumen,4176503.0,9239,211,19793.85,50.0687,22.2291,"2026-02-15T09:09:59.986872"
Armstrong Inc Pharma Plc,2,Regular - Volumen Medio,12453630,31531,411,30300.8,48.5667,13.4667,"2026-02-15T09:09:59.986872"
Carter-conn Pharma Plc,1,Básico - Bajo Volumen,6824551.0,12740,219,31162.33,52.1417,20.7167,"2026-02-15T09:09:59.986872"
Graham And Sons Pharm,2,Regular - Volumen Medio,21701151.68,50362,387,56075.33,48.1333,11.3667,"2026-02-15T09:09:59.986872"
Kohler-bednar Pharmaceutical Ltd,2,Regular - Volumen Medio,21440153,47649,400,53600.38,53.8697,10.6864,"2026-02-15T09:09:59.986872"
Osinski-botsford Pharmacy,2,Regular - Volumen Medio,16228923,46794,363,44707.78,49.2942,8.6983,"2026-02-15T09:09:59.986872"
Parisian Ltd Pharma Plc,2,Regular - Volumen Medio,15763754,40845,396,39807.46,51.7167,8.7667,"2026-02-15T09:09:59.986872"
White Inc Pharm,2,Regular - Volumen Medio,20840772,54959,397,52495.65,48.2833,9.7236,"2026-02-15T09:09:59.986872"
"Upton, Abernathy And Goodwin Pharm",2,Regular - Volumen Medio,16471767,45277,404,40771.7,50.138,8.4525,"2026-02-15T09:09:59.986872"
Gottlieb-cruickshank Pharma Plc,1,Básico - Bajo Volumen,2836461.0,7402,211,13442.94,50.0,19.15,"2026-02-15T09:09:59.986872"
Beier Plc,2,Regular - Volumen Medio,13324551.26,34190,395,33733.04,49.4122,8.71,"2026-02-15T09:09:59.986872"
Herman-koss Pharmaceutical Limited,2,Regular - Volumen Medio,20458341.04,52746,383,53416.03,49.35,9.1333,"2026-02-15T09:09:59.986872"
Feest Plc,1,Básico - Bajo Volumen,2008526.0,5706,182,11035.86,53.4167,18.4333,"2026-02-15T09:09:59.986872"
Schaefer-rolfson Pharma Plc,2,Regular - Volumen Medio,16869545,39293,379,44510.67,50.9119,13.3428,"2026-02-15T09:09:59.986872"
Emard-o'connell Pharm,2,Regular - Volumen Medio,20123504,50644,376,53519.96,47.8561,12.1289,"2026-02-15T09:09:59.986872"
Schaefer Group,2,Regular - Volumen Medio,23979497.2,48556,366,65517.75,51.0289,7.8514,"2026-02-15T09:09:59.986872"
Schimmel-waelchi Pharma Plc,2,Regular - Volumen Medio,18108529,43357,375,48289.41,52.4183,9.5981,"2026-02-15T09:09:59.986872"
Gulgowski-vandervort Pharma Plc,0,Premium - Alto Volumen,26273347,60692,377,69690.58,52.7544,13.2369,"2026-02-15T09:09:59.986872"
Pfeffer-hodkiewicz,2,Regular - Volumen Medio,16368786,45433,379,43189.41,53.5,8.4667,"2026-02-15T09:09:59.986872"
"Barrows, Zboncak And Reichert Pharm",0,Premium - Alto Volumen,34647502,78947,399,86835.84,53.4714,7.4836,"2026-02-15T09:09:59.986872"
"Cormier, Dietrich And Zulauf Pharma Plc",1,Básico - Bajo Volumen,4489852.0,9499,181,24805.81,51.4166,21.9694,"2026-02-15T09:09:59.986872"
Rohan And Sons Pharma Plc,2,Regular - Volumen Medio,21271996,53834,402,52915.41,53.3167,13.8667,"2026-02-15T09:09:59.986872"
Rohan Plc Pharmacy,2,Regular - Volumen Medio,13974696,34473,377,37068.16,49.1122,9.7375,"2026-02-15T09:09:59.986872"
Funk Plc Pharma Plc,2,Regular - Volumen Medio,15432056,35719,400,38580.14,51.8,8.4333,"2026-02-15T09:09:59.986872"
Lemke Ltd Pharma Plc,2,Regular - Volumen Medio,20702185,51821,397,52146.56,51.0333,6.9833,"2026-02-15T09:09:59.986872"
"Langworth, Olson And Satterfield Pharm",2,Regular - Volumen Medio,15762945,42057,380,41481.43,48.52,9.0556,"2026-02-15T09:09:59.986872"
Gerlach Plc Pharmaceutical Ltd,2,Regular - Volumen Medio,18428624,46258,376,49012.3,51.6167,7.5167,"2026-02-15T09:09:59.986872"
Zemlak-witting,0,Premium - Alto Volumen,56390483,125902,374,150776.69,53.8667,8.7,"2026-02-15T09:09:59.986872"
Keeling Llc Pharmacy,1,Básico - Bajo Volumen,4525626.0,8688,183,24730.2,53.78,20.4942,"2026-02-15T09:09:59.986872"
Balistreri Group Pharm,2,Regular - Volumen Medio,18141989,40924,391,46398.95,48.6833,9.0,"2026-02-15T09:09:59.986872"
Bosco-marquardt Pharmaceutical Limited,0,Premium - Alto Volumen,26787879,51973,364,73593.07,52.4117,12.5561,"2026-02-15T09:09:59.986872"
Crist Ltd Pharma Plc,2,Regular - Volumen Medio,14995173,42046,369,40637.33,51.2631,6.5492,"2026-02-15T09:09:59.986872"
"Hills, Stroman And Ernser",2,Regular - Volumen Medio,16074520,35690,383,41970.03,51.8417,8.3,"2026-02-15T09:09:59.986872"
Nader-borer Pharma Plc,1,Básico - Bajo Volumen,5075076.0,12716,228,22259.11,50.6908,16.623,"2026-02-15T09:09:59.986872"
Carter-conn Pharmaceutical Ltd,2,Regular - Volumen Medio,16128028,42427,395,40830.45,48.4525,10.2711,"2026-02-15T09:09:59.986872"
Barton Ltd Pharma Plc,1,Básico - Bajo Volumen,2789921.0,8064,191,14606.92,50.3333,19.0833,"2026-02-15T09:09:59.986872"
"Buckridge, Hand And Hyatt Pharmaceutical Ltd",0,Premium - Alto Volumen,37647467,94560,413,91156.09,50.5447,7.1133,"2026-02-15T09:09:59.986872"
Hansen Group Pharmacy,2,Regular - Volumen Medio,17553073,58134,393,44664.31,51.9539,7.9933,"2026-02-15T09:09:59.986872"
"Hammes, Bashirian And Pacocha Pharmacy",2,Regular - Volumen Medio,11969940,36326,375,31919.84,51.2904,7.2972,"2026-02-15T09:09:59.986872"
Rowe Plc,2,Regular - Volumen Medio,15433198,42942,398,38776.88,47.6156,7.6614,"2026-02-15T09:09:59.986872"
Bashirian-kassulke Pharmacy,2,Regular - Volumen Medio,20559967,43761,382,53821.9,51.5,6.5333,"2026-02-15T09:09:59.986872"
"Gleichner, Bahringer And Morar Pharmacy",2,Regular - Volumen Medio,16162873,42553,373,43332.1,51.3956,8.5678,"2026-02-15T09:09:59.986872"
"Wiegand, Jast And Yost Pharmaceutical Ltd",0,Premium - Alto Volumen,33148020,73325,386,85875.7,49.4811,8.4353,"2026-02-15T09:09:59.986872"
"Balistreri, Torp And Gulgowski",0,Premium - Alto Volumen,28830712,54847,408,70663.51,48.9667,9.1333,"2026-02-15T09:09:59.986872"
"Will, Mcglynn And Fritsch Pharmaceutical Limited",2,Regular - Volumen Medio,15570481,37657,392,39720.61,49.7517,8.1161,"2026-02-15T09:09:59.986872"
"Hansen, Fadel And Schroeder Pharmaceutical Ltd",2,Regular - Volumen Medio,18089033,42172,410,44119.59,48.5967,8.8708,"2026-02-15T09:09:59.986872"
Senger-kirlin Pharma Plc,2,Regular - Volumen Medio,18150323,40805,355,51127.67,51.5711,8.1092,"2026-02-15T09:09:59.986872"
Mraz Group Pharmaceutical Limited,2,Regular - Volumen Medio,20412700,49477,372,54872.85,50.05,10.2333,"2026-02-15T09:09:59.986872"
"Grimes, Jacobs And Durgan Pharma Plc",2,Regular - Volumen Medio,18460583,38783,385,47949.57,51.9,8.3833,"2026-02-15T09:09:59.986872"
Nader-borer Pharmaceutical Limited,2,Regular - Volumen Medio,13521886,34563,379,35677.8,51.2386,12.7253,"2026-02-15T09:09:59.986872"
"Rodriguez, Stokes And Dickens Pharma Plc",2,Regular - Volumen Medio,23487855,56886,393,59765.53,51.1617,11.1169,"2026-02-15T09:09:59.986872"
Runolfsson-powlowski Pharmaceutical Limited,2,Regular - Volumen Medio,15210660,38319,371,40999.08,50.0825,8.24,"2026-02-15T09:09:59.986872"
"Schowalter, Runolfsson And Vonrueden Pharmaceutical Ltd",1,Básico - Bajo Volumen,4475054.0,11490,217,20622.37,53.4925,18.7761,"2026-02-15T09:09:59.986872"
"Fritsch, Hodkiewicz And Sipes Pharma Plc",2,Regular - Volumen Medio,23649043,53214,431,54870.17,48.9333,8.4,"2026-02-15T09:09:59.986872"
Bosco-marquardt Pharmaceutical Ltd,0,Premium - Alto Volumen,30054435,63007,375,80145.16,51.7667,9.3667,"2026-02-15T09:09:59.986872"
